Component ID,Component Name,ST,Supplier No.,Supplier Name,Open Units,Safety Stock,Units in RI,PO Units Past Due,MOQ,Lead (days),Reorder Amount,Reorder Date,Request Date,Projected Cost,Backorder Cost
U40411 EOP,CTN FLD PERF REV WIRE,P,364950,CARTONNAGES OTICR,3450,1000,0,15750,5250,90,,,,,$3808.35
123413,CAST PELLET POP AND DBM,P,363502,SUPPORT ITEM -NO SUPPLIER,0,0,0,0,100,20,,,,,$0.00
123884,CAST PELLET POP AND DBM,P,363502,SUPPORT ITEM -NO SUPPLIER,0,0,0,0,100,20,,,,,$0.00
127155,SAWBONE PARTICULATE 2.8-6.7MM,P,363502,SUPPORT ITEM -NO SUPPLIER,1449,0,0,0,500,22,,,,,$0.00
128712,SAWBONE PARTICULATE 4-10 MM,P,363502,SUPPORT ITEM -NO SUPPLIER,0,0,0,0,100,22,,,,,$0.00
129218,FOAM RETICULATED 80PPI,P,363502,SUPPORT ITEM -NO SUPPLIER,0,0,0,0,500,30,,,,,$0.00
131576,INST BENDER SM ABS MOLD NEEDLE,P,363502,SUPPORT ITEM -NO SUPPLIER,0,215,0,0,250,90,215,2024-04-22 00:00:00,2024-07-21 00:00:00,$2835.85,$0.00
136261,INST BLOCK DEMO SAMPLE 2.5CM,P,363502,SUPPORT ITEM -NO SUPPLIER,3920,93,0,0,500,22,,,,,$0.00
155952,PKG INSRT ALLOMATRIX 3CC,P,363502,SUPPORT ITEM -NO SUPPLIER,0,0,0,0,10,22,,,,,$0.00
U40102,BLISTER OUTER PERF REV BSPLT,P,358084,CARTOLUX,2500,0,0,0,10,180,,,,,$0.00
U40172,BLISTER INNER PERF REV BSPLT,P,358084,CARTOLUX,3000,0,0,0,10,180,,,,,$0.00
U40173,LID SNAP PETG PERF REV BSPLT,P,358084,CARTOLUX,2000,0,0,0,10,180,,,,,$0.00
U40174,TUBING SIL PERF REV BSPLT,P,358084,CARTOLUX,0,0,0,1000,10,180,,,,,$380.10
U40224,FOAM 1 PERF REV BSPLT,P,358084,CARTOLUX,700,0,0,0,10,180,,,,,$0.00
U40226,FOAM 2 PERF REV BSPLT,P,358084,CARTOLUX,0,0,0,4700,10,180,,,,,$1623.38
U40227,FOAM 3 PERF REV BSPLT,P,358084,CARTOLUX,2673,0,0,0,10,180,,,,,$0.00
156651,POLYVINYL ALCOHOL CARTIVA,P,351506,BRENNTAG MID-SOUTH INC.,1275000,0,0,0,10,37,,,,,$0.00
156690,CARTRIDGE 6OZ,P,343885,PPG INDUSTRIES INC,1750,0,0,0,10,0,,,,,$0.00
156695,PLUNGER CARTIVA,P,343885,PPG INDUSTRIES INC,1248,0,0,0,10,0,,,,,$0.00
156696,CAP RED SNAP CARTIVA,P,343885,PPG INDUSTRIES INC,2798,0,0,0,10,0,,,,,$0.00
156697,NUT THREAD RED SEAL CARTIVA,P,343885,PPG INDUSTRIES INC,2300,0,0,0,10,0,,,,,$0.00
156655,CTN FLD 6.0 X 6.0 X 1.375,P,342745,ELANDERS USA LLC,10569,0,0,0,10,37,,,,,$0.00
156653,BLISTER POLYPROPLENE CARTIVA,P,342694,PRENT CORPORATION,45410,0,0,0,10,37,,,,,$0.00
U40301,LID TYVEK INNER PERF REV BSPLT,P,326509,SIMAGEC SAS,3000,0,0,5000,10,180,,,,,$866.50
U40302,LID TYVEK OUTER PERF REV BSPLT,P,326509,SIMAGEC SAS,3000,0,0,5000,10,180,,,,,$1023.00
156388,BAR FLT .375” X 1.5” X 144”,P,307835,ZAPP PRECISION WIRE INC,0,0,0,0,5,90,,,,,$0.00
CD-6134,LOCKING OLIVE PERFORM REV,M,306291,LISI MEDICAL FASTENERS,1737,0,0,6600,10,200,,,,,$165122.76
CD-6137-01,AUGMENT LOCK SPACER -3MM,M,306291,LISI MEDICAL FASTENERS,-204,0,0,600,10,200,,,,,$11134.56
CD-6137-02,AUGMENT LOCK SPACER -6MM,M,306291,LISI MEDICAL FASTENERS,351,0,0,0,10,200,,,,,$0.00
U40401,Box N1 - Shelf Carton,P,306205,CARTONNAGE BES,2470,0,0,0,1000,180,,,,,$0.00
144742,COMP PLUG TAPER ANKL INTRAMED,P,305637,VIANT MEXICANA DE SERVICIOS S DE RL DE,267,734,0,9000,1000,108,,,,,$6297.30
156263,INST DRL GDE ADPT SZ 30MM FOOT,P,302328,MEDBIO INC,4037,0,0,0,500,60,,,,,$0.00
156264,INST DRL GDE ADPT SZ 25MM FOOT,P,302328,MEDBIO INC,238,0,627,0,500,60,,,,,$0.00
156295,INST STPL CARTRIDGE SZ 15MM,P,302328,MEDBIO INC,1728,0,0,200,500,60,,,,,$607.94
156296,INST STPL CARTRIDGE SZ 18MM,P,302328,MEDBIO INC,13219,0,0,0,500,60,,,,,$0.00
156297,INST STPL CARTRIDGE SZ 20MM,P,302328,MEDBIO INC,10564,0,0,0,500,60,,,,,$0.00
156298,INST STPL CARTRIDGE SZ 25MM,P,302328,MEDBIO INC,5315,0,0,0,500,60,,,,,$0.00
156299,INST STPL CARTRIDGE SZ 25MM,P,302328,MEDBIO INC,1055,0,0,0,500,60,,,,,$0.00
156300,INST STPL CARTRIDGE SZ 30MM,P,302328,MEDBIO INC,4754,0,0,0,500,60,,,,,$0.00
156634,LABEL 105MM X 350 .6MM,P,298004,TAYLOR COMMUNICATIONS INC,10000,500,0,10000,500,77,,,,,$2497.00
140316,IMP PLTE CALC XSM & SM,P,287504,APEX TOOLS AND ORTHOPEDICS,0,0,53,0,50,90,,,,,$0.00
151783,INST LOCATOR PIN SZ 2MM FOOT,P,287504,APEX TOOLS AND ORTHOPEDICS,4636,1242,1813,5600,1106,84,,,,,$14043.12
152798,INST DRILL 2.2MM,P,287504,APEX TOOLS AND ORTHOPEDICS,357,51,0,0,1000,90,,,,,$0.00
152799,INST DRILL 2.5MM,P,287504,APEX TOOLS AND ORTHOPEDICS,529,129,0,0,400,90,,,,,$0.00
152800,INST DRILL 3.9MM,P,287504,APEX TOOLS AND ORTHOPEDICS,1199,36,0,0,300,90,,,,,$0.00
152801,COMP TAP SHFT 2.7MM,P,287504,APEX TOOLS AND ORTHOPEDICS,612,51,0,0,250,90,,,,,$0.00
152802,COMP TAP SHFT 3.5MM,P,287504,APEX TOOLS AND ORTHOPEDICS,313,129,0,0,500,90,,,,,$0.00
152803,COMP TAP SHFT 5.5MM,P,287504,APEX TOOLS AND ORTHOPEDICS,1165,36,0,0,300,90,,,,,$0.00
142286,BAR RND .281 X 6 / 12 FT,P,273834,VESTED METALS INTERNATIONAL LLC,992,449,0,0,1100,30,,,,,$0.00
146930,BAR FLT .047 X 2 X 2 SS,P,273834,VESTED METALS INTERNATIONAL LLC,1,0,0,910,200,30,,,,,$5314.86
150533,BAR RND 1.379 +/.001 X15-5/8IN,P,273834,VESTED METALS INTERNATIONAL LLC,43,0,0,0,15,37,,,,,$0.00
150534,BAR TUBE 1.875 OD .25WALL X,P,273834,VESTED METALS INTERNATIONAL LLC,10,7,0,100,25,37,,,,,$107138.95
L20-0088,PKG INSRT CARTIVA US MTP IFU,P,264874,CARTIVA INC,5799,0,0,0,10,90,,,,,$0.00
L20-0274,PKG INSRT MULTI-LANGUAGE IFU,P,264874,CARTIVA INC,7585,0,0,0,10,90,,,,,$0.00
127468,IMP TENDON END PIN SS,M,255227,STRAITS ORTHOPAEDICS (MFG) SDN BHD,564,0,0,0,15,180,,,,,$0.00
133462,COMP SLV TISSUE PROTECTOR CDK,P,255227,STRAITS ORTHOPAEDICS (MFG) SDN BHD,1258,170,400,0,400,84,,,,,$0.00
133464,COMP SLV WORKING CANN CDK SS,P,255227,STRAITS ORTHOPAEDICS (MFG) SDN BHD,277,164,1200,0,225,84,,,,,$0.00
135149,WIRE GDE DRL POINT CDK SS BIO,P,255227,STRAITS ORTHOPAEDICS (MFG) SDN BHD,1576,127,0,0,300,119,,,,,$0.00
137179,IMP WSHR 7.0 X 13 TT,P,255227,STRAITS ORTHOPAEDICS (MFG) SDN BHD,25,0,0,0,50,84,,,,,$0.00
137180,IMP WSHR 7.0 X 13 OBLIQUE TT,P,255227,STRAITS ORTHOPAEDICS (MFG) SDN BHD,210,20,0,0,100,90,,,,,$0.00
143516,COMP NUT THUMB 1/4-20 SCL,P,255227,STRAITS ORTHOPAEDICS (MFG) SDN BHD,182,16,0,0,10,84,,,,,$0.00
151784,INST LOCATOR PIN SZ 3MM FOOT,P,255227,STRAITS ORTHOPAEDICS (MFG) SDN BHD,5829,1155,0,0,2500,90,,,,,$0.00
153592,INST HNDL FOOT SS,P,255227,STRAITS ORTHOPAEDICS (MFG) SDN BHD,6203,2263,4500,9000,4500,98,,,,,$201270.60
153593,INST CURVED ELV FOOT SS,P,255227,STRAITS ORTHOPAEDICS (MFG) SDN BHD,7060,2263,678,10831,4400,98,,,,,$126399.94
153594,INST STRAIGHT ELV FOOT SS,P,255227,STRAITS ORTHOPAEDICS (MFG) SDN BHD,6216,2263,3022,9790,4400,98,,,,,$151556.05
153595,INST RASP DBL END FOOT SS,P,255227,STRAITS ORTHOPAEDICS (MFG) SDN BHD,5314,2263,0,13500,4500,98,,,,,$361554.30
154490,INST K-WIRE 1.6 X 100MM SS,M,255227,STRAITS ORTHOPAEDICS (MFG) SDN BHD,-9,0,300,0,1000,84,,,,,$0.00
155957,COMP K-WIRE 0.9 X 150MM,P,255227,STRAITS ORTHOPAEDICS (MFG) SDN BHD,866,0,0,0,10,84,,,,,$0.00
155960,COMP K-WIRE 1.4 X 150MM,P,255227,STRAITS ORTHOPAEDICS (MFG) SDN BHD,1454,0,0,0,10,84,,,,,$0.00
156022,COMP HD RMR 16MM,P,255227,STRAITS ORTHOPAEDICS (MFG) SDN BHD,300,0,0,0,50,60,,,,,$0.00
156023,COMP HD RMR 18MM,P,255227,STRAITS ORTHOPAEDICS (MFG) SDN BHD,198,0,0,100,50,60,,,,,$3962.44
156024,COMP HD RMR 20MM,P,255227,STRAITS ORTHOPAEDICS (MFG) SDN BHD,150,0,0,500,50,60,,,,,$19812.20
156028,COMP CUP RMR 18MM,P,255227,STRAITS ORTHOPAEDICS (MFG) SDN BHD,202,0,0,100,50,60,,,,,$3962.44
156029,COMP CUP RMR 20MM,P,255227,STRAITS ORTHOPAEDICS (MFG) SDN BHD,148,0,0,500,50,60,,,,,$19812.20
156108,COMP DRL 2.5MM INSRT FOOT SS,P,255227,STRAITS ORTHOPAEDICS (MFG) SDN BHD,4448,707,0,11435,100,90,,,,,$186207.54
156187,INST CUT GDE BODY,P,255227,STRAITS ORTHOPAEDICS (MFG) SDN BHD,1893,0,0,0,500,84,,,,,$0.00
156188,INST CUT GDE PADDLE,P,255227,STRAITS ORTHOPAEDICS (MFG) SDN BHD,1894,0,0,0,500,84,,,,,$0.00
BAW-0843,SYMBOL KEY LABEL,P,253447,PGAC CORP,15000,0,0,700,10,90,,,,,$83.58
IFU-7383,AEQUALIS PERFORM REVERSED IFU,P,253447,PGAC CORP,9600,0,0,0,10,90,,,,,$0.00
LBS102,IFU ABG SURGICAL INSERT-10,P,253447,PGAC CORP,7500,0,0,0,10,10,,,,,$0.00
LBS165,SURG TECH INSRT AUGMENT INJ,P,253447,PGAC CORP,24200,0,0,0,5000,20,,,,,$0.00
103627,"IMP GROMMET 3P TOE,TT SWN",M,246413,AM SPECIALTIES INC,448,0,0,0,500,30,,,,,$0.00
103628,"IMP GROMMET 3D TOE,TT SWN",M,246413,AM SPECIALTIES INC,533,0,0,0,500,30,,,,,$0.00
103629,"IMP GROMMET 2D TOE,TT SWN",M,246413,AM SPECIALTIES INC,621,0,508,0,500,30,,,,,$0.00
103630,"IMP GROMMET 2P TOE,TT SWN",M,246413,AM SPECIALTIES INC,485,0,0,0,500,30,,,,,$0.00
103675,"IMP GROMMET 2SP TOE,TT SW",M,246413,AM SPECIALTIES INC,206,0,0,1000,500,30,,,,,$25124.90
103677,"IMP GROMMET 2SD TOE,TT SW",M,246413,AM SPECIALTIES INC,199,0,501,500,500,30,,,,,$12562.45
103685,"IMP GROMMET 1SP TOE,TT SW",M,246413,AM SPECIALTIES INC,564,0,0,0,500,60,,,,,$0.00
103686,"IMP GROMMET 1SD TOE,TT SW",M,246413,AM SPECIALTIES INC,311,0,0,0,500,30,,,,,$0.00
103687,"IMP GROMMET 3SP TOE,TT SW",M,246413,AM SPECIALTIES INC,486,0,0,0,500,30,,,,,$0.00
103688,"IMP GROMMET 3SD TOE,TT SW",M,246413,AM SPECIALTIES INC,122,0,0,500,500,30,,,,,$12562.45
103911,"IMP GROMMET 1D TOE,TT SWN",M,246413,AM SPECIALTIES INC,537,0,0,500,500,37,,,,,$12562.45
103912,"IMP GROMMET 1P TOE,TT SWN",M,246413,AM SPECIALTIES INC,178,0,0,500,500,60,,,,,$12562.45
104040,"IMP GROMMET 4P TOE,TT SWN",M,246413,AM SPECIALTIES INC,399,0,0,0,500,45,,,,,$0.00
104041,"IMP GROMMET 4D TOE,TT SWN",M,246413,AM SPECIALTIES INC,1,0,0,1000,500,45,,,,,$25124.90
104071,"IMP GROMMET OSP TOE,TT SW",M,246413,AM SPECIALTIES INC,69,0,0,500,500,60,,,,,$12562.45
104072,"IMP GROMMET OSD TOE,TT SW",M,246413,AM SPECIALTIES INC,244,0,0,0,500,60,,,,,$0.00
104181,"IMP GROMMET 4SP TOE,TT SW",M,246413,AM SPECIALTIES INC,67,0,520,0,500,60,,,,,$0.00
104182,"IMP GROMMET 4SD TOE,TT SW",M,246413,AM SPECIALTIES INC,401,0,0,500,500,60,,,,,$12562.45
104186,"IMP GROMMET 5SP TOE,TT SW",M,246413,AM SPECIALTIES INC,954,0,0,500,500,37,,,,,$12562.45
104187,"IMP GROMMET 5SD TOE,TT SW",M,246413,AM SPECIALTIES INC,28,0,0,1000,500,37,,,,,$25124.90
104188,"IMP GROMMET OD TOE,TT SWN",M,246413,AM SPECIALTIES INC,40,0,0,500,500,37,,,,,$12562.45
104189,"IMP GROMMET OP TOE,TT SWN",M,246413,AM SPECIALTIES INC,335,0,0,0,500,37,,,,,$0.00
104190,"IMP GROMMET 5P TOE,TT SWN",M,246413,AM SPECIALTIES INC,268,0,0,0,500,37,,,,,$0.00
104191,"IMP GROMMET 5D TOE,TT SWN",M,246413,AM SPECIALTIES INC,215,0,0,0,500,37,,,,,$0.00
105985,"IMP GROMMET SZ 3P MTC,TT",M,246413,AM SPECIALTIES INC,459,0,0,1000,500,60,,,,,$24871.90
105986,"IMP GROMMET SZ 3D MTC,TT",M,246413,AM SPECIALTIES INC,3,0,421,1500,500,60,,,,,$37307.85
105987,"IMP GROMMET SZ 4P MTC,TT",M,246413,AM SPECIALTIES INC,313,0,0,1000,500,60,,,,,$24871.90
105988,"IMP GROMMET SZ 4D MTC,TT",M,246413,AM SPECIALTIES INC,62,0,0,1500,500,60,,,,,$37307.85
105989,"IMP GROMMET SZ 5P MTC,TT",M,246413,AM SPECIALTIES INC,435,0,0,500,500,60,,,,,$12435.95
105990,"IMP GROMMET SZ 5D MTC,TT",M,246413,AM SPECIALTIES INC,218,0,0,500,500,60,,,,,$12435.95
105991,"IMP GROMMET SZ 6P MTC,TT",M,246413,AM SPECIALTIES INC,530,0,0,0,500,60,,,,,$0.00
105992,"IMP GROMMET SZ 6D MTC,TT",M,246413,AM SPECIALTIES INC,742,0,0,0,500,60,,,,,$0.00
105993,"IMP GROMMET SZ 7P MTC,TT",M,246413,AM SPECIALTIES INC,350,0,0,0,500,60,,,,,$0.00
105994,"IMP GROMMET SZ 7D MTC,TT",M,246413,AM SPECIALTIES INC,536,0,0,0,500,60,,,,,$0.00
105995,"IMP GROMMET SZ 8P MTC,TT",M,246413,AM SPECIALTIES INC,358,0,0,0,500,60,,,,,$0.00
105996,"IMP GROMMET SZ 8D MTC,TT",M,246413,AM SPECIALTIES INC,284,0,0,0,500,60,,,,,$0.00
105997,"IMP GROMMET SZ 9P MTC,TT",M,246413,AM SPECIALTIES INC,592,0,0,0,500,60,,,,,$0.00
105998,"IMP GROMMET SZ 9D MTC,TT",M,246413,AM SPECIALTIES INC,401,0,0,0,500,60,,,,,$0.00
126775,BAR RND .625,P,243219,"UNITED PERFORMANCE METALS, INC",5320,364,0,28050,1250,100,,,,,$156914.51
128884,BAR RND .740,P,243219,"UNITED PERFORMANCE METALS, INC",3038,550,0,204,1300,280,,,,,$1775.18
130728,BAR RND .354 X 6 / 12 FT,P,243219,"UNITED PERFORMANCE METALS, INC",14125,3229,0,6000,15000,100,,,,,$5015.40
137196,BAR RND .406 X 6 X 12 FT,P,243219,"UNITED PERFORMANCE METALS, INC",39581,4106,0,0,25000,100,,,,,$0.00
141815,BAR RND .750 X 6 / 12 FT,P,243219,"UNITED PERFORMANCE METALS, INC",26870,768,0,1483,2900,90,,,,,$4121.41
143994,BAR RND .250 X 6 / 12 FT,P,243219,"UNITED PERFORMANCE METALS, INC",105588,24366,27404,122596,10000,100,,,,,$45250.18
149001,BAR FLT .75 X 2 X 3.75 TT,P,243219,"UNITED PERFORMANCE METALS, INC",470,18,0,100,150,150,,,,,$4738.64
149002,BAR FLT .75 X 2 X 4.75 TT,P,243219,"UNITED PERFORMANCE METALS, INC",260,15,0,0,30,150,,,,,$0.00
149307,BAR FLT .5 X 1 X 4 TT,P,243219,"UNITED PERFORMANCE METALS, INC",0,34,0,1000,400,150,,,,,$18672.30
151729,BAR FLT .375 X 1.625 X 4.00 TT,P,243219,"UNITED PERFORMANCE METALS, INC",5420,100,0,1800,525,90,,,,,$42071.40
151730,BAR FLT .375 X 1.625 X 4.50 TT,P,243219,"UNITED PERFORMANCE METALS, INC",1898,49,0,400,175,90,,,,,$10473.88
151731,BAR FLT .375 X 1.625 X 5.187TT,P,243219,"UNITED PERFORMANCE METALS, INC",2047,99,531,241,200,90,,,,,$7254.99
151732,BAR FLT .50 X 1.625 X 3.625 TT,P,243219,"UNITED PERFORMANCE METALS, INC",2879,136,0,200,200,90,,,,,$5187.00
151734,BAR FLT .50 X 1.625 X 4.75 TT,P,243219,"UNITED PERFORMANCE METALS, INC",791,0,0,0,55,150,,,,,$0.00
152214,BAR FLT .375 X 1.25 X 1.75TT,P,243219,"UNITED PERFORMANCE METALS, INC",14597,747,0,6000,2500,90,,,,,$50024.40
152277,".375"" X 1.375"" X 5.0""",P,243219,"UNITED PERFORMANCE METALS, INC",718,87,1497,3,300,50,,,,,$74.61
152278,".375"" X 1.375"" X 3.5""",P,243219,"UNITED PERFORMANCE METALS, INC",710,82,0,342,300,50,,,,,$6018.38
152279,".375"" X 1.750"" X 3.5""",P,243219,"UNITED PERFORMANCE METALS, INC",265,184,0,300,300,50,,,,,$6604.80
152486,BAR FLT .375 X 1.25 X 3.00TT,P,243219,"UNITED PERFORMANCE METALS, INC",5235,146,0,505,300,37,,,,,$7790.33
152514,BAR FLT .375 X 1.25 X 2.00TT,P,243219,"UNITED PERFORMANCE METALS, INC",14780,705,0,10026,2300,35,,,,,$94692.56
152542,TT BAR FLT .375 X1.250 X 1.750,P,243219,"UNITED PERFORMANCE METALS, INC",6557,535,0,650,200,49,,,,,$4939.48
152684,".375"" X 2.0"" X 3.5""",P,243219,"UNITED PERFORMANCE METALS, INC",1015,14,0,100,270,14,,,,,$2492.54
152844,BAR FLT .25 X 1.25 X 2.25 TT,P,243219,"UNITED PERFORMANCE METALS, INC",2488,191,0,1000,750,39,,,,,$8022.60
152989,"BAR RND .1875"" DIA X 144"" L",P,243219,"UNITED PERFORMANCE METALS, INC",18657,2223,8086,8013,7500,100,,,,,$2174.73
153029,BAR FLT .375 X 1.25 X 1.25TT,P,243219,"UNITED PERFORMANCE METALS, INC",2634,420,0,400,400,90,,,,,$2444.76
153030,BAR FLT .5 X 1.5 X 1.25TT,P,243219,"UNITED PERFORMANCE METALS, INC",83,8,0,0,35,10,,,,,$0.00
153044,BAR FLT .375 X 1.75 X 1.25TT,P,243219,"UNITED PERFORMANCE METALS, INC",3662,595,0,1500,1200,90,,,,,$12506.10
154110,BAR FLT 1.0 X 2.125 X 4.25,P,243219,"UNITED PERFORMANCE METALS, INC",928,0,0,0,115,90,,,,,$0.00
154111,BAR FLT 1.0 X 2.125 X 5,P,243219,"UNITED PERFORMANCE METALS, INC",310,0,0,0,10,90,,,,,$0.00
154224,IMP BLNK TAL SZ 3 ANK CC,M,240082,BODYCOTE - CAMAS,104,0,396,324,10,30,280,2024-07-20 00:00:00,2024-08-19 00:00:00,$45037.52,$52114.85
153838,INST SYRINGE MIXING SYSTEM,P,234032,SULZER MIXPAC AG,1595,1037,6000,8500,1200,90,,,,,$183044.95
153839,INST SYRINGE MIXING SYSTEM,P,234032,SULZER MIXPAC AG,4331,538,0,2000,1000,90,,,,,$69812.40
153840,GRAFT DELIVERY SYSTEM 40ML,P,234032,SULZER MIXPAC AG,735,16,0,0,250,90,,,,,$0.00
153841,COMP CAP LUER FEMALE,P,234032,SULZER MIXPAC AG,1810,383,0,1000,1000,90,,,,,$2591.00
153842,SPINDLE NUT 14ML,P,234032,SULZER MIXPAC AG,4956,617,2000,2000,1200,90,,,,,$12137.20
153843,SPINDLE NUT 40ML,P,234032,SULZER MIXPAC AG,752,16,0,0,250,90,,,,,$0.00
153844,CANNULA 3.15X3.75X70MM,P,234032,SULZER MIXPAC AG,1073,16,0,0,1000,90,,,,,$0.00
153845,CANNULA 2.5X3.5X50MM,P,234032,SULZER MIXPAC AG,2210,383,0,1000,425,90,,,,,$6872.50
153907,THREADED SPINDLE ROD,P,234032,SULZER MIXPAC AG,5244,623,0,2000,1000,90,,,,,$31634.00
154298,INST SYRINGE MIXING SYS 14ML,P,234032,SULZER MIXPAC AG,2152,0,0,0,1250,90,33,2024-07-16 00:00:00,2024-10-14 00:00:00,$686.76,$0.00
154299,INST SYRINGE MIXING SYS 40ML,P,234032,SULZER MIXPAC AG,654,0,0,0,250,90,,,,,$0.00
154300,CAP OPEN BORE FEMALE,P,234032,SULZER MIXPAC AG,1213,0,0,0,625,90,57,2024-07-09 00:00:00,2024-10-07 00:00:00,$183.93,$0.00
151003,COMP NEEDLE 2-0 DIA 0.99MM,P,233269,"DESIGN CONCEPTS & ENTERPRISES, LLC",2089,440,0,0,2000,60,,,,,$0.00
151004,COMP NEEDLE 0 DIA 0.99MM,P,233269,"DESIGN CONCEPTS & ENTERPRISES, LLC",10950,1869,0,0,3500,60,,,,,$0.00
151005,COMP NEEDLE #2 DIA 1.27MM,P,233269,"DESIGN CONCEPTS & ENTERPRISES, LLC",5596,856,0,0,2500,60,,,,,$0.00
153547,INST SUTR NDL ASSEM #0 BLUE,P,233269,"DESIGN CONCEPTS & ENTERPRISES, LLC",6436,29,0,2000,700,90,,,,,$57450.00
153549,INST SUTR NDL ASSEM #0 WHITE,P,233269,"DESIGN CONCEPTS & ENTERPRISES, LLC",2721,198,0,0,300,90,,,,,$0.00
153337,IMP MEDIAL BUTTON LG,P,229196,CLASSIC WIRE CUT,3915,803,0,16000,4000,120,,,,,$303446.40
153340,IMP KNOT CAPSULE D SHAPE,P,229196,CLASSIC WIRE CUT,2645,402,0,6300,2100,120,,,,,$123312.42
153342,IMP BUTTON WASHER,P,229196,CLASSIC WIRE CUT,2344,402,0,8000,2000,90,,,,,$58969.60
156836,CTN AI 6.4 X 0.8 X 6.75,P,226780,"WESTROCK CONSUMER PACKAGING GROUP, LLC",21000,0,0,0,10,37,,,,,$0.00
156837,CTN ABG 5.4 X 0.9 X 6.7,P,226780,"WESTROCK CONSUMER PACKAGING GROUP, LLC",5400,0,0,0,10,37,,,,,$0.00
LBS120,CARTON ABG KIT CARTON,P,226780,"WESTROCK CONSUMER PACKAGING GROUP, LLC",5950,0,0,0,10,20,,,,,$0.00
LBS176,CARTON AUGMENT INJECTABLE,P,226780,"WESTROCK CONSUMER PACKAGING GROUP, LLC",20250,0,0,0,9970,30,425,2024-09-13 00:00:00,2024-10-13 00:00:00,$204.68,$0.00
1283000101,"ROD,POLY,.300 DIAMETER",M,226148,EPTAM PLASTICS,85,0,0,0,10,51,,,,,$0.00
129289,INST SYRINGE 30CC PC NON-STER,M,226148,EPTAM PLASTICS,143,0,0,0,100,30,,,,,$0.00
133643,INST SYRINGE 6CC PC NON-STER,M,226148,EPTAM PLASTICS,46,0,1000,0,100,30,484,2024-07-31 00:00:00,2024-08-30 00:00:00,$8796.17,$0.00
137420,INST SYRINGE 10CC PC NON-STER,M,226148,EPTAM PLASTICS,1038,0,400,0,100,30,862,2024-05-19 00:00:00,2024-06-18 00:00:00,$17429.04,$0.00
152795,COMP SCR BONE 2.7MM PEEK,P,226148,EPTAM PLASTICS,504,80,0,0,300,90,,,,,$0.00
152796,COMP SCR BONE 3.5MM PEEK,P,226148,EPTAM PLASTICS,1124,187,0,300,200,90,,,,,$9962.55
152797,COMP SCR BONE 5.5MM PEEK,P,226148,EPTAM PLASTICS,458,64,0,0,250,90,,,,,$0.00
PKS057,"TAMPER EVIDENT SEAL, CLEAR",P,223336,"ADVANCED WEB TECHNOLOGIES, LLC",21000,0,0,20000,7500,20,,,,,$2732.00
LBS054,IFU ABG INSTRUCT FOR USE-10,P,222551,"FLOTTMAN COMPANY, INC.",0,0,0,0,10,20,,,,,$0.00
151766,INST STPL INSRTR SZ 8MM FOOT,P,214435,SANBOR MEDICAL CORPORATION,2295,772,550,2300,550,90,,,,,$20474.37
151767,INST STPL INSRTR SZ 10MM FOOT,P,214435,SANBOR MEDICAL CORPORATION,1882,328,1000,3950,750,90,,,,,$35762.91
151768,INST STPL INSRTR SZ 12MM FOOT,P,214435,SANBOR MEDICAL CORPORATION,1412,436,1200,725,375,90,,,,,$6571.98
151769,INST STPL INSRTR SZ 15MM FOOT,P,214435,SANBOR MEDICAL CORPORATION,109,247,600,0,300,90,,,,,$0.00
151770,INST STPL INSRTR SZ 18MM FOOT,P,214435,SANBOR MEDICAL CORPORATION,1255,384,0,0,400,90,,,,,$0.00
151771,INST STPL INSRTR SZ 20MM FOOT,P,214435,SANBOR MEDICAL CORPORATION,948,470,0,650,650,90,,,,,$6308.45
151772,INST STPL INSRTR SZ 25MM FOOT,P,214435,SANBOR MEDICAL CORPORATION,168,311,500,0,225,90,,,,,$0.00
151774,INST DRL GDE HDL SZ 8MM FOOT,P,214435,SANBOR MEDICAL CORPORATION,3472,772,0,2300,550,90,,,,,$18426.91
151775,INST DRL GDE HDL SZ 10MM FOOT,P,214435,SANBOR MEDICAL CORPORATION,591,329,1750,3200,750,90,,,,,$26054.40
151776,INST DRL GDE HDL SZ 12MM FOOT,P,214435,SANBOR MEDICAL CORPORATION,1997,436,500,725,300,90,,,,,$5942.32
151777,INST DRL GDE HDL SZ 15MM FOOT,P,214435,SANBOR MEDICAL CORPORATION,579,247,0,600,300,90,,,,,$5197.86
151778,INST DRL GDE HDL SZ 18MM FOOT,P,214435,SANBOR MEDICAL CORPORATION,1769,359,0,0,375,90,,,,,$0.00
151779,INST DRL GDE HDL SZ 20MM FOOT,P,214435,SANBOR MEDICAL CORPORATION,1277,470,0,650,600,90,,,,,$5680.42
151780,INST DRL GDE HDL SZ 25MM FOOT,P,214435,SANBOR MEDICAL CORPORATION,152,311,500,0,250,90,,,,,$0.00
153777,INST STPL SIZER SM,P,214435,SANBOR MEDICAL CORPORATION,3775,810,0,0,450,30,,,,,$0.00
153778,INST STPL SIZER LG,P,214435,SANBOR MEDICAL CORPORATION,2584,810,0,1391,500,30,,,,,$10434.59
154480,INST MTRSL BRCH SZ SM,P,214435,SANBOR MEDICAL CORPORATION,1,0,0,500,200,90,,,,,$10921.15
154481,INST MTRSL BRCH SZ MD,P,214435,SANBOR MEDICAL CORPORATION,120,0,0,500,200,90,,,,,$11046.00
154482,INST MTRSL BRCH SZ LG,P,214435,SANBOR MEDICAL CORPORATION,-94,0,0,500,250,90,,,,,$11230.55
154486,INST INSRTR HNDL SZ SM,P,214435,SANBOR MEDICAL CORPORATION,432,0,0,0,65,90,,,,,$0.00
154487,INST INSRTR HNDL SZ MD,P,214435,SANBOR MEDICAL CORPORATION,2,0,500,0,70,90,,,,,$0.00
154488,INST INSRTR HNDL SZ LG,P,214435,SANBOR MEDICAL CORPORATION,316,0,0,500,150,90,,,,,$4722.35
154489,INST DRL K-WIRE GDE 1.6MM,M,214435,SANBOR MEDICAL CORPORATION,829,0,200,200,10,90,,,,,$6342.12
154491,INST SCR DRVR SZ T7 MLD,P,214435,SANBOR MEDICAL CORPORATION,92,0,0,791,200,90,,,,,$21029.76
PKS049,PDGF 1.5ML VIAL TRAY-UNLABELED,P,214014,"PYRAMID LABORATORIES, INC",10,0,0,0,10,90,3940,2024-04-22 00:00:00,2024-07-21 00:00:00,$743631.66,$0.00
PKS068,PDGF 3.0ML VIAL TRAY-UNLABELED,P,214014,"PYRAMID LABORATORIES, INC",40,0,0,0,10,90,9255,2024-04-22 00:00:00,2024-07-21 00:00:00,$2616809.60,$0.00
BOM0007,TCP 1.5CC CUP TRAY ASSY-PENN,P,213712,"PENN PHARMACEUTICALS SERVICES, LTD",3264,0,0,0,10,90,,,,,$0.00
BOM0008,TCP 3.0CC CUP TRAY ASSY-PENN,P,213712,"PENN PHARMACEUTICALS SERVICES, LTD",100,0,0,0,10,90,805,2024-04-22 00:00:00,2024-07-21 00:00:00,$133437.61,$0.00
138647,BRICK 155MM X 155MM X 38MM,P,210664,MICROPORT ORTHOPEDICS,21,0,0,50,35,5,,,,,$69749.80
151757,IMP STPL SZ 8X8 FOOT NITINOL,P,196321,MEMRY US,3819,772,179,2002,1000,90,,,,,$28253.83
151758,IMP STPL SZ 10X10 FOOT NITINOL,P,196321,MEMRY US,3840,328,0,4882,1000,90,,,,,$74198.59
151759,IMP STPL SZ 12X12 FOOT NITINOL,P,196321,MEMRY US,3403,436,0,683,100,90,,,,,$11863.44
151760,IMP STPL SZ 15X15 FOOT NITINOL,P,196321,MEMRY US,540,254,0,488,100,90,,,,,$15893.18
151761,IMP STPL SZ 18X16 FOOT NITINOL,P,196321,MEMRY US,1104,359,0,330,100,90,,,,,$12151.79
151762,IMP STPL SZ 20X20 FOOT NITINOL,P,196321,MEMRY US,754,470,0,1160,100,90,,,,,$60446.21
151763,IMP STPL SZ 25X22 FOOT NITINOL,P,196321,MEMRY US,299,311,0,220,100,90,,,,,$13923.91
151764,IMP STPL SZ 10X12 FOOT NITINOL,P,196321,MEMRY US,17,0,0,0,100,90,,,,,$0.00
151765,IMP STPL SZ 10X15X13 FOOT,P,196321,MEMRY US,4,0,0,200,100,90,,,,,$3039.68
156244,IMP STPL SZ 15X12 FOOT NITINOL,P,196321,MEMRY US,593,0,128,500,500,60,,,,,$47685.00
156245,IMP STPL SZ 15X15 FOOT NITINOL,P,196321,MEMRY US,882,0,149,166,500,60,,,,,$16534.23
156246,IMP STPL SZ 15X20 FOOT NITINOL,P,196321,MEMRY US,1034,0,0,281,500,60,,,,,$30169.79
156247,IMP STPL SZ 18X15 FOOT NITINOL,P,196321,MEMRY US,1351,0,331,781,400,60,,,,,$74831.59
156248,IMP STPL SZ 18X20 FOOT NITINOL,P,196321,MEMRY US,1079,0,0,1349,400,60,,,,,$167301.50
156249,IMP STPL SZ 18X25 FOOT NITINOL,P,196321,MEMRY US,1405,0,166,27,500,60,,,,,$3276.11
156250,IMP STPL SZ 20X15 FOOT NITINOL,P,196321,MEMRY US,5373,0,354,167,600,60,,,,,$18454.03
156251,IMP STPL SZ 20X20 FOOT NITINOL,P,196321,MEMRY US,1905,0,962,3904,1000,120,,,,,$486162.00
156252,IMP STPL SZ 20X25 FOOT NITINOL,P,196321,MEMRY US,1998,0,0,0,500,60,,,,,$0.00
156253,IMP STPL SZ 25X20 FOOT NITINOL,P,196321,MEMRY US,1764,0,259,602,300,60,,,,,$76600.41
156255,IMP STPL SZ 25X20 4-LEG FOOT N,P,196321,MEMRY US,1156,0,133,500,75,60,,,,,$83612.90
156256,IMP STPL SZ 30X20 4-LEG FOOT N,P,196321,MEMRY US,427,0,31,719,90,60,,,,,$122694.11
156257,IMP STPL SZ 30 SM MTP NITINOL,P,196321,MEMRY US,1072,0,440,0,500,60,,,,,$0.00
156258,IMP STPL SZ 30 LG MTP NITINOL,P,196321,MEMRY US,671,0,247,739,150,60,,,,,$105545.09
MWJ1046101,NITINOL GUIDE WIRE,P,196321,MEMRY US,8033,0,0,4491,670,63,,,,,$36565.72
PKS072,0.5G INJECTABLE MATRIX POUCH,P,177997,DSM BIOMEDICAL INC.,10574,0,0,8000,2475,75,,,,,$988677.60
PKS073,1.0G INJECTABLE MATRIX POUCH,P,177997,DSM BIOMEDICAL INC.,5971,0,0,18000,4400,75,,,,,$2890866.60
112816,POLY STRIP 2 IN WIDE,P,169906,LANDSBERG COMPANY,38700,0,0,0,10,37,,,,,$0.00
120186,FOAM BOTTOM/TOP FEMORAL,P,169906,LANDSBERG COMPANY,3000,1087,0,0,1300,36,,,,,$0.00
124519,FOAM SPACER OSTEO PUTTY,P,169906,LANDSBERG COMPANY,6150,615,0,0,750,37,,,,,$0.00
127140,FOAM BOTTLE SPACER,P,169906,LANDSBERG COMPANY,14725,750,0,0,4200,37,,,,,$0.00
134406,BAG 6 IN W X 7 IN L  MT VEP,P,169906,LANDSBERG COMPANY,252293,24740,0,855750,75000,160,,,,,$65037.00
135203,BAG 9 IN W X 12.5IN L  MT VEP,P,169906,LANDSBERG COMPANY,0,0,0,0,10,160,,,,,$0.00
137618,BAG 5 IN W X 12.5IN L  MT VEP,P,169906,LANDSBERG COMPANY,292600,0,0,50000,50000,160,,,,,$7055.00
153762,BAG 6 X 7 IN W/ LOGO & SYM DEF,P,169906,LANDSBERG COMPANY,908200,120000,0,130000,80000,22,,,,,$12311.00
153871,BAG 5 IN W X 5 IN L MT VEP,P,169906,LANDSBERG COMPANY,223750,2177,0,0,7500,37,,,,,$0.00
9507005300,FOAM REV TRAY 60MM,P,169906,LANDSBERG COMPANY,2800,268,0,0,200,37,,,,,$0.00
151937,COMP SCR 6MM,M,168033,"TITAN MEDICAL MFG, LLC",107,0,0,100,30,35,,,,,$6505.66
151939,COMP SCR 10MM,M,168033,"TITAN MEDICAL MFG, LLC",69,0,0,0,40,35,,,,,$0.00
151818,FORG TIB SZ 5 LT ANK TT INB,P,163248,"TECOMET, WILMINGTON",207,32,69,825,25,150,,,,,$34601.24
152087,FORG TAL SZ 1 ANK CC INF FORG,P,163248,"TECOMET, WILMINGTON",106,105,0,116,50,150,,,,,$7822.29
152088,FORG TAL SZ 2 ANK CC INF FORG,P,163248,"TECOMET, WILMINGTON",211,184,0,1054,50,150,,,,,$75396.84
152089,FORG TAL SZ 3 ANK CC INF FORG,P,163248,"TECOMET, WILMINGTON",480,240,0,1102,50,150,,,,,$82038.17
152090,FORG TAL SZ 4 ANK CC INF FORG,P,163248,"TECOMET, WILMINGTON",484,241,0,568,50,150,,,,,$43760.82
152091,FORG TAL SZ 5 ANK CC INF FORG,P,163248,"TECOMET, WILMINGTON",19,107,0,485,50,150,,,,,$39192.46
152092,FORG TAL SZ 1 ANK CC INB FORG,P,163248,"TECOMET, WILMINGTON",56,73,0,1828,50,150,,,,,$131460.80
152093,FORG TAL SZ 2 ANK CC INB FORG,P,163248,"TECOMET, WILMINGTON",813,190,0,60,50,150,,,,,$4678.07
152094,FORG TAL SZ 3 ANK CC INB FORG,P,163248,"TECOMET, WILMINGTON",564,233,0,680,50,150,,,,,$58139.25
152095,FORG TAL SZ 4 ANK CC INB FORG,P,163248,"TECOMET, WILMINGTON",1171,125,0,24,50,150,,,,,$2237.16
152096,FORG TAL SZ 5 ANK CC INB FORG,P,163248,"TECOMET, WILMINGTON",285,50,63,641,50,150,,,,,$64311.59
152097,FORG TIB SZ 2 LT ANK TT INB,P,163248,"TECOMET, WILMINGTON",137,32,0,674,50,150,,,,,$26703.34
152098,FORG TIB SZ 3 LT ANK TT INB,P,163248,"TECOMET, WILMINGTON",231,60,435,299,50,150,,,,,$12122.45
152099,FORG TIB SZ 4 LT ANK TT INB,P,163248,"TECOMET, WILMINGTON",303,26,104,150,50,150,,,,,$6159.45
152101,FORG TIB SZ 2 RT ANK TT INB,P,163248,"TECOMET, WILMINGTON",382,95,257,774,50,150,,,,,$30665.26
152102,FORG TIB SZ 3 RT ANK TT INB,P,163248,"TECOMET, WILMINGTON",174,96,0,1681,50,150,,,,,$68153.29
152103,FORG TIB SZ 4 RT ANK TT INB,P,163248,"TECOMET, WILMINGTON",395,42,304,209,50,150,,,,,$8582.17
152104,FORG TIB SZ 5 RT ANK TT INB,P,163248,"TECOMET, WILMINGTON",39,85,256,481,50,150,,,,,$20173.57
152106,FORG TIB SZ 3 LG ANK TT INF,P,163248,"TECOMET, WILMINGTON",667,287,144,1203,50,150,,,,,$48037.11
152107,FORG TIB SZ 4 LG ANK TT INF,P,163248,"TECOMET, WILMINGTON",1407,322,0,950,50,150,,,,,$38691.60
152108,FORG TIB SZ 5 LG ANK TT INF,P,163248,"TECOMET, WILMINGTON",228,159,0,1530,50,150,,,,,$63621.68
152178,FORG TIB SZ 2 ANK TT INF FORG,P,163248,"TECOMET, WILMINGTON",132,300,0,798,50,150,114,2024-05-07 00:00:00,2024-10-04 00:00:00,$4819.45,$33736.17
131410,INST CURETTE RING SHARP,P,155809,DESIGN STANDARDS,74,23,0,0,100,140,,,,,$0.00
131414,INST BENDER ABS MLD,P,155809,DESIGN STANDARDS,121,18,0,0,30,90,,,,,$0.00
131415,INST SHAFT SUCTION 10 IN 12FR,P,155809,DESIGN STANDARDS,107,18,0,0,100,90,,,,,$0.00
133467,INST OBDURATOR WORKING CANN,P,155809,DESIGN STANDARDS,212,192,0,1000,225,180,,,,,$4613.80
133797,INST SHAFT SUCTION 11 IN 8GA,P,155809,DESIGN STANDARDS,404,132,0,200,100,90,128,2024-06-18 00:00:00,2024-09-16 00:00:00,$2057.95,$3215.54
135204,CONTAINER POWDER PRO-DENSE™,P,155809,DESIGN STANDARDS,13145,1333,0,10000,4000,90,,,,,$57103.00
137839,CONTAINER POWDER DBM,P,155809,DESIGN STANDARDS,497,164,0,0,250,90,377,2024-04-22 00:00:00,2024-07-21 00:00:00,$2238.70,$0.00
138826,LID DBM POWDER PRO-DENSE™,P,155809,DESIGN STANDARDS,18008,1307,0,5000,3900,84,,,,,$32351.00
143504,INST OBTURATOR SCL SS BIO,P,155809,DESIGN STANDARDS,305,23,0,0,45,180,,,,,$0.00
143506,INST CURETTE ASSEM SCL,P,155809,DESIGN STANDARDS,161,20,0,0,100,140,,,,,$0.00
143508,INST TAMP ASSEM SCL,P,155809,DESIGN STANDARDS,303,20,0,0,100,140,,,,,$0.00
143512,INST HLDR DRL GDE PROBE SCL,P,155809,DESIGN STANDARDS,245,22,0,0,10,112,,,,,$0.00
143513,INST BOD DRL GDE SCL PC MLD,P,155809,DESIGN STANDARDS,278,22,0,0,40,112,,,,,$0.00
148991,COMP SCR RTN HSG STD 0DG FOOT,P,155809,DESIGN STANDARDS,-200,220,196,854,225,90,,,,,$5158.16
148995,COMP SCR RTN HSG STD 10DG FOOT,P,155809,DESIGN STANDARDS,-255,198,0,500,175,90,128,2024-04-22 00:00:00,2024-07-21 00:00:00,$468.48,$1830.00
150444,COMP SCR RTN HSG LG 0 DG,P,155809,DESIGN STANDARDS,118,0,0,0,65,90,,,,,$0.00
150445,COMP SCR RTN HSG LG 10 DG,P,155809,DESIGN STANDARDS,356,43,0,0,40,90,,,,,$0.00
150446,COMP SCR RTN HSG SM 0 DG,P,155809,DESIGN STANDARDS,643,16,0,0,35,90,,,,,$0.00
150447,COMP SCR RTN HSG SM 10 DG,P,155809,DESIGN STANDARDS,794,41,0,0,35,90,,,,,$0.00
150969,COMP WIRE/PIN CLMP FOOT ABS,P,155809,DESIGN STANDARDS,5119,397,0,0,1400,30,,,,,$0.00
153195,INST PSNR LOCK KNOB M6X1,P,155809,DESIGN STANDARDS,666,177,0,500,165,90,,,,,$6367.05
153196,INST CALF PSNR SUPPORT LONG,P,155809,DESIGN STANDARDS,672,51,0,0,100,30,,,,,$0.00
153197,INST PSNR RTN SHFT M6X1 ORANGE,P,155809,DESIGN STANDARDS,542,177,280,0,140,90,,,,,$0.00
153198,INST FOOT PSNR SUPPORT LONG,P,155809,DESIGN STANDARDS,635,89,0,0,140,90,,,,,$0.00
153199,INST LEG PSNR BOD ORANGE,P,155809,DESIGN STANDARDS,1414,189,0,0,150,90,,,,,$0.00
153200,INST LEG PSNR SUPPORT LG,P,155809,DESIGN STANDARDS,852,189,0,200,200,90,,,,,$4828.74
153201,INST KNOB LOCK ORANGE FOOT,P,155809,DESIGN STANDARDS,2340,427,0,0,325,90,,,,,$0.00
153846,POWDER ADAPTOR 14ML GRAY ABS,P,155809,DESIGN STANDARDS,411,383,0,3041,500,90,,,,,$11818.54
153847,POWDER ADAPTOR 40ML,P,155809,DESIGN STANDARDS,1555,532,0,5470,600,90,,,,,$19833.67
153848,SYRINGE ADAPTOR 14ML-40ML,P,155809,DESIGN STANDARDS,3762,532,927,2386,700,90,,,,,$11112.08
154837,INST SUCTION SCL,P,155809,DESIGN STANDARDS,148,0,0,0,45,56,,,,,$0.00
129527,LID TYVEK 11.562 X 8.562,P,155513,OLIVER HEALTHCARE PACKAGING COMPANY,1750,137,0,0,100,42,,,,,$0.00
129529,LID TYVEK 7.752 X 7.658,P,155513,OLIVER HEALTHCARE PACKAGING COMPANY,1250,183,0,1000,1000,14,,,,,$1053.00
129562,LID TYVEK MIIG™ X3,P,155513,OLIVER HEALTHCARE PACKAGING COMPANY,10500,283,0,0,250,45,,,,,$0.00
129694,POUCH PEEL 16X22,P,155513,OLIVER HEALTHCARE PACKAGING COMPANY,700,64,0,0,1000,56,,,,,$0.00
135251,LID TYVEK INNER 11 IN X 10 IN,P,155513,OLIVER HEALTHCARE PACKAGING COMPANY,3250,1028,0,2000,100,42,,,,,$1562.40
135253,LID TYVEK OUTER 12 IN X10.5 IN,P,155513,OLIVER HEALTHCARE PACKAGING COMPANY,4000,619,0,0,1000,42,,,,,$0.00
135442,LID INNER TYVEK 11 IN X 9 IN,P,155513,OLIVER HEALTHCARE PACKAGING COMPANY,4750,773,0,2000,500,42,,,,,$3488.00
135972,LID INNER TYVEK 16 IN X 8 IN,P,155513,OLIVER HEALTHCARE PACKAGING COMPANY,3150,208,0,2000,220,42,,,,,$4558.40
135974,LID INNER TYVEK 16 IN X 8 IN,P,155513,OLIVER HEALTHCARE PACKAGING COMPANY,5750,158,0,500,1000,56,,,,,$1372.30
135976,LID OUTER TYVEK 18 IN X 10 IN,P,155513,OLIVER HEALTHCARE PACKAGING COMPANY,1745,226,0,1000,1000,14,,,,,$1300.70
141850,POUCH TYVEK 2.75 X 19.79 IN,P,155513,OLIVER HEALTHCARE PACKAGING COMPANY,16000,2506,0,13000,1000,42,,,,,$6163.30
141851,POUCH TYVEK 4 X 24 IN,P,155513,OLIVER HEALTHCARE PACKAGING COMPANY,25000,1835,0,0,1000,42,,,,,$0.00
149337,POUCH TYVEK 8 X 18.5 IN,P,155513,OLIVER HEALTHCARE PACKAGING COMPANY,0,137,0,1000,500,42,,,,,$2551.20
153519,HDPE CARD – MIS STERILE KIT,P,155513,OLIVER HEALTHCARE PACKAGING COMPANY,12000,1322,0,0,1000,42,,,,,$0.00
153866,LID TYVEK INNER 2CC-5CC,P,155513,OLIVER HEALTHCARE PACKAGING COMPANY,13500,298,0,0,500,37,,,,,$0.00
153867,LID TYVEK OUTER 2CC-5CC,P,155513,OLIVER HEALTHCARE PACKAGING COMPANY,3000,277,0,1000,500,37,,,,,$2815.40
153868,LID TYVEK INNER 10CC-15CC,P,155513,OLIVER HEALTHCARE PACKAGING COMPANY,6750,447,0,2000,250,37,,,,,$2772.20
153869,LID TYVEK OUTER 10CC-15CC,P,155513,OLIVER HEALTHCARE PACKAGING COMPANY,5000,539,0,7000,250,37,,,,,$18032.70
156652,LID FOIL 1.75 X 4.3215 CARTIVA,P,155513,OLIVER HEALTHCARE PACKAGING COMPANY,78000,0,0,0,10,37,,,,,$0.00
150967,COMP WIRE CAP 2MM FOOT SL PP,P,155322,CAPLUGS,3579,231,0,0,1000,30,,,,,$0.00
150968,COMP WIRE CAP 5MM FOOT SL PP,P,155322,CAPLUGS,2097,336,0,0,500,21,,,,,$0.00
155060,"TUBE&PLUG, PETG OVAL SZ1, 3.15",P,155322,CAPLUGS,69000,25000,0,15000,2500,42,,,,,$10239.00
155061,"TUBE&PLUG, PETG OVAL SZ1, 3.55",P,155322,CAPLUGS,0,0,0,0,10,42,,,,,$0.00
155063,"TUBE&PLUG, PETG OVAL SZ1, 5.25",P,155322,CAPLUGS,11750,0,0,0,10,42,,,,,$0.00
155064,"TUBE&PLUG, PETG OVAL SZ1, 6.90",P,155322,CAPLUGS,21750,0,0,0,10,42,,,,,$0.00
155080,PLUG SIL OVAL SZ 1 #1A,P,155322,CAPLUGS,27750,25000,0,25000,5000,42,,,,,$16330.00
155082,PLUG SIL OVAL SZ 1 #1C,P,155322,CAPLUGS,254000,2500,0,0,5000,42,,,,,$0.00
155083,PLUG SIL OVAL SZ 1 #1D,P,155322,CAPLUGS,10500,0,0,0,10,42,,,,,$0.00
156313,"CAP SIL, SRC-MED-187-16",P,155322,CAPLUGS,37000,0,0,0,1000,42,,,,,$0.00
156314,CAP SIL SRC-MED-125-8,P,155322,CAPLUGS,10000,0,0,0,0,42,,,,,$0.00
148497,INST K-WIRE .045 FOOT SS,P,154957,ORTHOMED,770,67,0,0,170,90,,,,,$0.00
152168,INST K-WIRE SINGLE TROCAR,P,154957,ORTHOMED,0,0,0,0,10,30,,,,,$0.00
152172,INST BONE GRAFT FRCP,P,154957,ORTHOMED,89,21,0,0,25,90,,,,,$0.00
153345,COMP PIN 2.8MM,P,154957,ORTHOMED,528,402,2013,13680,2175,90,,,,,$105442.70
153517,INST K-WIRE 1.6 X 150MM SS,P,154957,ORTHOMED,4793,592,0,4000,1400,147,,,,,$11898.00
138357,GRANULAR MLDS PEEK LT3,P,144958,INVIBIO,5569,0,0,0,3750,30,,,,,$0.00
132208,COMP SCR 2.0 X 12 ANK TT MILL,P,129329,HG MEDICAL GmbH,1408,198,0,1505,500,105,,,,,$24409.44
132210,COMP SCR 2.7 X 13 ANK TT MILL,P,129329,HG MEDICAL GmbH,1124,198,0,1045,500,105,,,,,$16948.75
140364,COMP SCR LOCK 3.5 X 30MM TIN,P,129329,HG MEDICAL GmbH,55,8,0,0,125,60,,,,,$0.00
140368,COMP SCR LOCK 3.5 X 38MM TIN,P,129329,HG MEDICAL GmbH,135,10,0,0,125,60,,,,,$0.00
140390,COMP SCR NON LOCK 3.5 X 40MM,P,129329,HG MEDICAL GmbH,136,0,0,0,115,60,,,,,$0.00
140429,COMP SCR LOCK 2.4 X 12 FOOT,M,129329,HG MEDICAL GmbH,393,0,0,0,400,60,,,,,$0.00
140442,COMP SCR NON LOCK 2.0 X 14,P,129329,HG MEDICAL GmbH,0,8,100,0,100,60,,,,,$0.00
140445,COMP SCR NON LOCK 2.0 X 20,P,129329,HG MEDICAL GmbH,0,0,100,0,100,60,,,,,$0.00
140448,COMP SCR NON LOCK 2.4 X 12,P,129329,HG MEDICAL GmbH,105,8,0,0,100,60,,,,,$0.00
140449,COMP SCR NON LOCK 2.4 X 14,P,129329,HG MEDICAL GmbH,55,8,0,0,100,60,,,,,$0.00
140451,COMP SCR NON LOCK 2.4 X 18,P,129329,HG MEDICAL GmbH,84,8,0,0,100,60,,,,,$0.00
140875,IMP NAIL SZ 10MM RT SM,P,129329,HG MEDICAL GmbH,121,0,237,315,100,90,,,,,$25489.99
140876,IMP NAIL SZ 10MM RT MD,P,129329,HG MEDICAL GmbH,232,82,0,100,100,90,,,,,$10139.84
140877,IMP NAIL SZ 10MM RT LG,P,129329,HG MEDICAL GmbH,-53,0,0,285,35,30,,,,,$19275.38
140878,IMP NAIL SZ 11.5MM RT SM,P,129329,HG MEDICAL GmbH,511,0,0,0,100,90,,,,,$0.00
140879,IMP NAIL SZ 11.5MM RT MD,P,129329,HG MEDICAL GmbH,285,81,0,100,100,90,,,,,$8652.67
140880,IMP NAIL SZ 11.5MM RT LG,P,129329,HG MEDICAL GmbH,117,97,0,160,60,30,,,,,$16231.89
140881,IMP NAIL SZ 10MM LT SM,P,129329,HG MEDICAL GmbH,348,84,0,70,100,90,,,,,$6340.78
140882,IMP NAIL SZ 10MM LT MD,P,129329,HG MEDICAL GmbH,161,0,0,95,100,90,,,,,$9632.85
140883,IMP NAIL SZ 10MM LT LG,P,129329,HG MEDICAL GmbH,27,0,0,150,45,90,,,,,$10144.94
140884,IMP NAIL SZ 11.5MM LT SM,P,129329,HG MEDICAL GmbH,104,0,0,85,100,90,,,,,$7354.77
140885,IMP NAIL SZ 11.5MM LT MD,P,129329,HG MEDICAL GmbH,120,123,0,200,100,90,,,,,$17305.34
140886,IMP NAIL SZ 11.5MM LT LG,P,129329,HG MEDICAL GmbH,142,47,0,0,40,30,,,,,$0.00
140887,COMP SCR COMPRESSION M8,M,129329,HG MEDICAL GmbH,2670,0,0,3300,600,120,,,,,$79984.08
145445,IMP NAIL SZ 10MM LT XLG,P,129329,HG MEDICAL GmbH,115,0,0,50,200,30,,,,,$5555.56
145446,IMP NAIL SZ 10MM RT XLG,P,129329,HG MEDICAL GmbH,117,0,0,65,200,90,,,,,$7222.23
145447,IMP NAIL SZ 11.5MM LT XLG,P,129329,HG MEDICAL GmbH,5,0,0,100,200,90,,,,,$11111.12
145448,IMP NAIL SZ 11.5MM RT XLG,P,129329,HG MEDICAL GmbH,124,0,0,90,200,90,,,,,$10000.01
102451,BAG POLYETHYL 4X6X2MIL,P,129213,NEW TECH PKG. INC.,117500,448,0,0,3500,42,,,,,$0.00
102851,BAG ZIPLOC 3X5   #741042,P,129213,NEW TECH PKG. INC.,4500,567,0,0,250,21,,,,,$0.00
103002,BAG POLYETHYL 3X3X2-1/2MI,P,129213,NEW TECH PKG. INC.,202998,36000,0,0,50000,77,,,,,$0.00
105858,BAG BUBBLE SELF SEALING,P,129213,NEW TECH PKG. INC.,3720,918,0,0,1000,35,,,,,$0.00
109113,BAG BUBBLE SELF SEALING,P,129213,NEW TECH PKG. INC.,450,187,0,0,250,35,,,,,$0.00
114406,BAG BUBBLE SELF SEALING,P,129213,NEW TECH PKG. INC.,62000,895,0,0,5000,35,,,,,$0.00
115377,TUBING FLAT 6 IN W X 6MIL,P,129213,NEW TECH PKG. INC.,870122,6310,0,0,30,21,,,,,$0.00
124008,BAG PE 4 MIL 4 IN X 5 IN,P,129213,NEW TECH PKG. INC.,1000,0,0,0,750,21,,,,,$0.00
126212,BAG POLY 20X24X.004 CLEAN,P,129213,NEW TECH PKG. INC.,48800,500,0,0,775,140,,,,,$0.00
127630,FOAM SPACER KIT,P,129213,NEW TECH PKG. INC.,18000,1674,0,3000,2800,42,,,,,$1032.30
136418,FOAM PAD 9.5 X 8.5 X .25,P,129213,NEW TECH PKG. INC.,4125,582,0,1000,1000,42,,,,,$909.20
154020,SHIPPER SUITCASE MICA,P,129213,NEW TECH PKG. INC.,55,1,0,0,30,42,,,,,$0.00
156081,"BAG LDPE 2.5X4.0, 4MIL, CLEAN",P,129213,NEW TECH PKG. INC.,67000,0,0,0,2750,42,,,,,$0.00
156724,CORRUGATED TRAY CARTIVA,P,129213,NEW TECH PKG. INC.,0,0,0,0,10,37,10,2024-04-22 00:00:00,2024-05-29 00:00:00,$12.23,$0.00
156734,SHIPPER 14IN X 15IN X 16IN,P,129213,NEW TECH PKG. INC.,0,0,0,0,10,37,5,2024-04-22 00:00:00,2024-05-29 00:00:00,$11.56,$0.00
153942,POWDER DMLS TT EOS T164 ELI,P,129041,EOS,545,66,0,400,250,51,,,,,$142257.04
153943,POWDER DMLS CC EOS CC MP1,P,129041,EOS,769,0,1430,0,250,51,,,,,$0.00
129232,LID TYVEK MINI MIIG™ 9.4 X,P,128930,PLACON CORPORATION (MADISON),1250,173,0,0,500,126,,,,,$0.00
131860,ENVELOPE ST 1880 OSTEOLYSIS,P,128930,PLACON CORPORATION (MADISON),5022,0,0,0,1500,126,,,,,$0.00
135252,BLISTER OUTER PRO-DENSE™,P,128930,PLACON CORPORATION (MADISON),4665,466,0,2016,1300,126,,,,,$7259.41
135973,BLISTER INNER IMPLANT,P,128930,PLACON CORPORATION (MADISON),2500,66,0,0,100,126,,,,,$0.00
137038,BLISTER OUTER CDK INST ONLY,P,128930,PLACON CORPORATION (MADISON),415,0,0,0,250,126,,,,,$0.00
137184,BLISTER iNNER MIIG™ HV INSTR,P,128930,PLACON CORPORATION (MADISON),535,33,0,0,200,126,,,,,$0.00
156085,SLEEVE TPU 150MM K-WIRES,P,128930,PLACON CORPORATION (MADISON),3900,0,0,0,500,42,,,,,$0.00
156333,"CLMSHL PETG, EASYFUSE 2-LEG",P,128930,PLACON CORPORATION (MADISON),68000,0,0,0,3750,42,,,,,$0.00
156334,"CLMSHL PETG, EASYFUSE 4-LEG",P,128930,PLACON CORPORATION (MADISON),16000,0,0,0,3500,42,,,,,$0.00
155317,LABEL 4 IN X 10 IN,P,128597,MSM SOLUTIONS,901600,100000,0,203200,85000,90,,,,,$20299.68
155318,LABEL 3 IN X 5 IN,P,128597,MSM SOLUTIONS,1076900,50000,0,200000,95000,90,,,,,$140.00
156068,LABEL 4 IN X 9.5 IN,P,128597,MSM SOLUTIONS,338250,0,0,0,45000,90,,,,,$0.00
126928,INST SYRINGE 10CC NOZZLE ASSEM,P,119578,QUALITY TECH SERVICES,3516,1220,0,3500,145,70,,,,,$30928.80
126929,INST SYRINGE 20CC/NOZZLE ASSEM,P,119578,QUALITY TECH SERVICES,3709,189,0,0,800,70,,,,,$0.00
128075,WBT TOP AND BOTTOM ASSY,P,119578,QUALITY TECH SERVICES,1598,617,0,600,145,70,2219,2024-04-22 00:00:00,2024-07-01 00:00:00,$68510.52,$18524.70
128837,CLEAN PACK MINI BEAD MOLD ASSY,P,119578,QUALITY TECH SERVICES,7291,1047,0,7000,145,70,,,,,$106236.90
119715,TOBRAMYCIN SULFATE,P,116845,"XELLIA PHARMACEUTICALS, INC",2150,0,0,0,550,210,,,,,$0.00
133767,INST NEEDLE 2 IN 16GA  J-TYPE,P,116016,RANFAC CORP,671,628,0,0,650,180,,,,,$0.00
131413,BRUSH NYLON OSTEOLYSIS,P,112799,SANDERSON MACLEOD INC.,1376,18,0,0,400,90,,,,,$0.00
129705,FOAM BOTTLE HLDR 10C,P,110340,"UFP TECH, MA",3516,357,0,0,600,37,,,,,$0.00
136494,FOAM PAD 15 X 7.5 X .25,P,110340,"UFP TECH, MA",23725,74,0,1500,300,42,,,,,$2475.15
139924,SLEEVE URETHANE W/ THUMB NOTCH,P,110340,"UFP TECH, MA",72000,12176,0,65000,7500,42,,,,,$33163.00
141062,SLEEVE URETHANE BLUE 0.025 IN,P,110340,"UFP TECH, MA",4500,783,0,1000,460,42,,,,,$825.10
141849,SLEEVE URETHANE BLUE SLOT LG,P,110340,"UFP TECH, MA",33000,9025,0,60000,8500,42,,,,,$44292.00
142854,BAG URETHANE 5 X 7 .003,P,110340,"UFP TECH, MA",7200,1546,0,0,3750,42,,,,,$0.00
145520,FOAM CLMSHL UNIV W/ WIN,P,110340,"UFP TECH, MA",1569,79,0,0,220,37,,,,,$0.00
148954,PROTECTOR IMPL TPU PRO-TOE® VO,P,110340,"UFP TECH, MA",2900,0,0,0,1250,42,,,,,$0.00
149357,K-POUCH 9 IN 0.020 MATTE,P,110340,"UFP TECH, MA",16994,1120,0,5000,4000,42,,,,,$11399.00
149675,POUCH W/ FLAP .020 MIL TIB TPU,P,110340,"UFP TECH, MA",60449,731,0,33000,6000,42,,,,,$42273.00
150517,TIP PROTECTOR URETHANE 40 MIL,P,110340,"UFP TECH, MA",0,6114,0,20000,7500,42,,,,,$14112.00
127461,IMP TAPE 1MM POLYESTER,P,100143,BALLY RIBBON MILLS INC,6844,0,0,0,50,90,,,,,$0.00
127462,IMP TAPE 2MM POLYESTER,P,100143,BALLY RIBBON MILLS INC,31355,3259,0,0,55,21,,,,,$0.00
127463,IMP TAPE 3MM POLYESTER,P,100143,BALLY RIBBON MILLS INC,6878,3226,0,5436,55,90,,,,,$17360.95
127464,IMP TAPE 4MM POLYESTER,P,100143,BALLY RIBBON MILLS INC,41676,3454,0,0,1000,90,,,,,$0.00
127465,IMP TAPE 5MM POLYESTER,P,100143,BALLY RIBBON MILLS INC,5110,0,0,0,100,90,,,,,$0.00
127470,IMP CORD 1/16 POLYESTER,P,100143,BALLY RIBBON MILLS INC,50422,2473,0,0,60,90,,,,,$0.00
129212,POWDER TCP CALCINED,P,97737,"PLASMA BIOTAL, LTD.",208500,22687,0,0,55,30,,,,,$0.00
127471,IMP THREAD POLYESTER,P,96281,TELEFLEX MEDICAL,30038,4179,0,144000,250,37,,,,,$3441.60
151006,IMP SUTR 2-0 WHITE 24 IN,P,96281,TELEFLEX MEDICAL,900,220,0,0,10,60,,,,,$0.00
151007,IMP SUTR 0 WHITE 24 IN,P,96281,TELEFLEX MEDICAL,3773,665,0,0,15,60,,,,,$0.00
151008,IMP SUTR 0 BLUE 24 IN,P,96281,TELEFLEX MEDICAL,3973,694,0,1000,15,126,,,,,$7599.20
151009,IMP SUTR #2 WHITE 24 IN,P,96281,TELEFLEX MEDICAL,997,214,0,0,10,60,,,,,$0.00
151010,IMP SUTR #2 BLUE 24 IN,P,96281,TELEFLEX MEDICAL,2183,214,0,0,10,60,,,,,$0.00
153343,INST GDE WIRE ASSEM,P,96281,TELEFLEX MEDICAL,4742,402,0,2000,25,126,,,,,$39190.20
153405,COMP #5 WHITE SUTURE,P,96281,TELEFLEX MEDICAL,1090,402,0,9900,20,140,,,,,$177186.24
128956,INST NEEDLE 4 IN 11GA  J-TYPE,P,93702,ARGON MEDICAL DEVICES,1134,164,400,500,270,61,,,,,$6779.55
128979,INST NEEDLE 4 IN 11GA  J-TYPE,P,93702,ARGON MEDICAL DEVICES,0,0,0,0,1000,61,,,,,$0.00
128980,INST NEEDLE 4 IN 8GA  J-TYPE,P,93702,ARGON MEDICAL DEVICES,682,69,0,0,175,89,,,,,$0.00
129007,INST ELEVATOR 8GA JAMSHID,P,93702,ARGON MEDICAL DEVICES,952,69,0,0,1,75,,,,,$0.00
129115,INST NEEDLE 10CM 8GA  J-TYPE,P,93702,ARGON MEDICAL DEVICES,11263,1023,0,4631,2500,89,,,,,$81846.44
129116,INST NEEDLE 6CM 11GA  J-TYPE,P,93702,ARGON MEDICAL DEVICES,6247,459,0,0,1500,89,,,,,$0.00
131417,INST NEEDLE 10 IN 8GA  J-TYPE,P,93702,ARGON MEDICAL DEVICES,768,101,172,428,235,117,,,,,$6305.12
131458,INST TROCAR FLEXIBLE ABS BIO,P,93702,ARGON MEDICAL DEVICES,1469,101,0,0,285,61,,,,,$0.00
131578,INST NEEDLE 4 IN 11GA  J-TYPE,P,93702,ARGON MEDICAL DEVICES,1350,188,0,1100,600,89,,,,,$22390.50
133376,INST ELEVATOR 11GA 4 IN,P,93702,ARGON MEDICAL DEVICES,728,164,0,0,225,84,,,,,$0.00
136836,INST NEEDLE 4 IN 8GA J-TYPE,P,93702,ARGON MEDICAL DEVICES,710,65,0,500,1200,61,,,,,$6361.60
149161,INST NEEDLE NEOSS W/ OBDURATOR,P,93702,ARGON MEDICAL DEVICES,0,0,0,0,1000,70,,,,,$0.00
154040,INST NEEDLE 6CM 13GA J-TYPE,P,93702,ARGON MEDICAL DEVICES,740,205,0,500,800,61,,,,,$6595.00
154041,INST NEEDLE 10CM 13GA J-TYPE,P,93702,ARGON MEDICAL DEVICES,1009,234,0,0,1000,61,,,,,$0.00
154286,INST NEEDLE 6CM 11GA J-TYPE,P,93702,ARGON MEDICAL DEVICES,5821,0,0,1000,600,89,,,,,$18183.80
154287,INST NEEDLE 10CM 8GA J-TYPE,P,93702,ARGON MEDICAL DEVICES,1517,0,500,2000,275,89,,,,,$36367.60
154309,OBTURATOR ABS SS BIO,P,93702,ARGON MEDICAL DEVICES,1125,0,0,0,350,56,,,,,$0.00
154800,INST ELEVATOR 8GA J-TYPE,P,93702,ARGON MEDICAL DEVICES,975,0,0,0,250,75,,,,,$0.00
154801,INST ELEVATOR 11GA J-TYPE,P,93702,ARGON MEDICAL DEVICES,1016,0,0,200,215,84,,,,,$2614.12
154802,INST NEEDLE 150MM 10GA TW SCL,P,93702,ARGON MEDICAL DEVICES,468,0,0,0,125,64,,,,,$0.00
113877,SJO SZR SZ.1 COBL TRAP SL,M,85053,GENERIC SUPPLIER,14,0,0,0,20,12,,,,,$0.00
113878,SJO SZR SZ.2 PINK TRAP SL,M,85053,GENERIC SUPPLIER,15,0,0,0,20,12,,,,,$0.00
113879,SJO SZR SZ.3 GRN TRAP SL,M,85053,GENERIC SUPPLIER,20,0,0,0,20,12,,,,,$0.00
127458,EL MLDS BLEND MS10-0089,M,85053,GENERIC SUPPLIER,277,0,0,0,908,10,1488,2024-04-22 00:00:00,2024-05-02 00:00:00,$5228.09,$0.00
128804,SAMPLE GRADE TYPE 3 CAS04,M,85053,GENERIC SUPPLIER,0,0,0,0,9322,30,,,,,$0.00
129226,GRANULES POROUS TCP 1-4MM,M,85053,GENERIC SUPPLIER,0,0,0,0,1000,10,,,,,$0.00
129267,GRANULES POROUS TCP,M,85053,GENERIC SUPPLIER,412,0,0,0,1000,10,,,,,$0.00
129270,FOAM TCP COATED 80PPI,M,85053,GENERIC SUPPLIER,0,0,0,0,500,30,,,,,$0.00
129599,SAMPLE GRADE TYPE 5 CAS04,M,85053,GENERIC SUPPLIER,0,0,0,0,1000,30,,,,,$0.00
130723,BLEND SIRF CSH/SA 1.86%,M,85053,GENERIC SUPPLIER,0,0,0,0,2000,9,,,,,$0.00
132789,POWDER TCP BETA RAW MAT'L,M,85053,GENERIC SUPPLIER,3660,2048,0,0,1500,7,3191,2024-04-22 00:00:00,2024-04-29 00:00:00,$6307.66,$0.00
134160,PELLET 3.0MM PRO-DENSE™,M,85053,GENERIC SUPPLIER,0,0,0,0,50000,9,,,,,$0.00
145218,PWDR SUBCOMPONENT SM TCP HPMC,M,85053,GENERIC SUPPLIER,0,0,0,0,250,30,,,,,$0.00
145219,GRANULES POROUS TCP 0.710-1MM,M,85053,GENERIC SUPPLIER,0,0,0,0,10,30,,,,,$0.00
150273,GRANULES POROUS BETA TCP,M,85053,GENERIC SUPPLIER,0,0,0,0,1500,7,,,,,$0.00
150274,GRANULES POROUS BETA TCP,M,85053,GENERIC SUPPLIER,0,0,0,0,1500,7,,,,,$0.00
119625,PELLET OSTEOSET™ T-200,P,84922,"UNIVERSAL LABORATORIES, INC.",581,0,0,0,150,21,,,,,$0.00
119626,PELLET OSTEOSET™ T-100,P,84922,"UNIVERSAL LABORATORIES, INC.",1524,164,0,0,375,21,,,,,$0.00
119648,MEDICAL GRADE TYPE 3 CAS04,P,84922,"UNIVERSAL LABORATORIES, INC.",9874,28455,0,150000,80000,42,12894,2024-08-25 00:00:00,2024-10-06 00:00:00,$6998.80,$81420.00
124151,CMC MEDICAL GRADE,P,84922,"UNIVERSAL LABORATORIES, INC.",18960,950,0,22560,7500,56,,,,,$7347.79
124937,VIAL PELLET 50 CAST CAS04,P,84922,"UNIVERSAL LABORATORIES, INC.",919,195,0,0,275,21,151,2024-09-09 00:00:00,2024-09-30 00:00:00,$2049.07,$0.00
127198,HPMC USP GRADE,P,84922,"UNIVERSAL LABORATORIES, INC.",0,0,0,0,10,56,,,,,$0.00
129535,MEDICAL GRADE TYPE 5 CAS04,P,84922,"UNIVERSAL LABORATORIES, INC.",116955,106185,0,491160,120000,42,,,,,$266601.65
129918,MEDICAL GRADE TYPE 5 CAS04,M,84922,"UNIVERSAL LABORATORIES, INC.",1625,0,0,0,14,30,,,,,$0.00
132788,POWDER CALCIUM PHOSPHATE MONO,P,84922,"UNIVERSAL LABORATORIES, INC.",2154,2850,12000,0,7500,56,9946,2024-06-01 00:00:00,2024-07-27 00:00:00,$4953.33,$0.00
134487,GLYCOLIC ACID 0.6 NEUTRAL,P,84922,"UNIVERSAL LABORATORIES, INC.",78061,4678,0,0,50000,14,3409,2024-09-28 00:00:00,2024-10-12 00:00:00,$4219.32,$0.00
137769,GLYCOLIC ACID /SALINE SOLUTION,P,84922,"UNIVERSAL LABORATORIES, INC.",15250,211,0,0,9000,14,,,,,$0.00
119651,MEDICAL GRADE CALCIUM SULFATE,P,84798,U.S. GYPSUM COMPANY,9539625,497,0,0,10,75,,,,,$0.00
152160,INST DEPTH REAMER 2.7MM FOOT,P,84738,ORCHID BRIDGEPORT,41,21,0,0,90,90,,,,,$0.00
152161,INST DEPTH REAMER 2.0MM FOOT,P,84738,ORCHID BRIDGEPORT,111,21,0,0,60,90,,,,,$0.00
156096,"LABEL, CLOSURE 1 IN DIA CLEAR",P,84726,U-LINE,130000,0,0,0,6250,42,,,,,$0.00
128800,CARD MIXING INSTRUCTIONS,P,84644,TOOF AMERICAN DIGITAL PRINTING,2910,314,0,0,500,28,,,,,$0.00
129611,CARD MIXNG INSTRUCTIONS,P,84644,TOOF AMERICAN DIGITAL PRINTING,14175,119,0,0,500,22,,,,,$0.00
137836,PKG INSRT MIXING INSTRUCTION,P,84644,TOOF AMERICAN DIGITAL PRINTING,5100,985,0,0,630,18,,,,,$0.00
150815,PKG INSRT PELLETS OSTEOSET™DBM,P,84644,TOOF AMERICAN DIGITAL PRINTING,65065,4183,0,530,8300,28,,,,,$442.44
150816,PKG INSRT OSTEOSET™ MIIG™,P,84644,TOOF AMERICAN DIGITAL PRINTING,8100,386,0,0,1500,18,,,,,$0.00
150819,PKG INSRT TISSUE TRACKING CARD,P,84644,TOOF AMERICAN DIGITAL PRINTING,49200,2719,0,0,10000,28,,,,,$0.00
150820,PKG INSRT SJO NON SILICONE,P,84644,TOOF AMERICAN DIGITAL PRINTING,4320,876,0,0,10000,28,1956,2024-06-20 00:00:00,2024-07-18 00:00:00,$1642.65,$0.00
150822,PKG INSRT BIOASSAY CARD,P,84644,TOOF AMERICAN DIGITAL PRINTING,75875,2847,0,0,10000,28,,,,,$0.00
150823,PKG INSRT SJO SILICONE IMPLANT,P,84644,TOOF AMERICAN DIGITAL PRINTING,6120,739,0,0,5000,18,2049,2024-06-20 00:00:00,2024-07-08 00:00:00,$1782.63,$0.00
150824,PKG INSRT WMT INSTRUMENT,P,84644,TOOF AMERICAN DIGITAL PRINTING,81847,27086,0,0,250000,28,,,,,$0.00
150827,PKG INSRT BIOASSAY CARD,P,84644,TOOF AMERICAN DIGITAL PRINTING,6930,496,0,0,1300,28,,,,,$0.00
150828,PKG INSRT MIXING CARD,P,84644,TOOF AMERICAN DIGITAL PRINTING,64520,2377,0,50000,10000,28,,,,,$21180.00
150829,PKG INSRT BIOASSAY CARD,P,84644,TOOF AMERICAN DIGITAL PRINTING,4150,0,0,0,2100,30,,,,,$0.00
150830,PKG INSRT MIXING CARD IGNITE™,P,84644,TOOF AMERICAN DIGITAL PRINTING,302,0,0,0,300,28,,,,,$0.00
150832,PKG INSRT BONE GRAFT OSTEOSET™,P,84644,TOOF AMERICAN DIGITAL PRINTING,21140,2174,0,0,7000,28,,,,,$0.00
150833,PKG INSERT MIXING CARD MINI,P,84644,TOOF AMERICAN DIGITAL PRINTING,2000,0,0,0,1500,15,,,,,$0.00
150834,PKG INSRT MIXING CARD,P,84644,TOOF AMERICAN DIGITAL PRINTING,12960,802,0,0,2200,28,,,,,$0.00
150836,PKG INSRT MIXING CARD NON STRL,P,84644,TOOF AMERICAN DIGITAL PRINTING,8880,520,0,0,1500,28,,,,,$0.00
150838,PKG INSRT STABILIZATION &,P,84644,TOOF AMERICAN DIGITAL PRINTING,159178,9696,0,0,25000,28,,,,,$0.00
150840,PKG INSRT INTERNAL FIXATION,P,84644,TOOF AMERICAN DIGITAL PRINTING,26000,605,0,0,1100,28,,,,,$0.00
150841,PKG INSRT OSTEOSET™ XR,P,84644,TOOF AMERICAN DIGITAL PRINTING,12705,981,0,0,3200,21,,,,,$0.00
150845,PKG INSRT MIXING CARD NON STRL,P,84644,TOOF AMERICAN DIGITAL PRINTING,9795,686,0,0,2000,28,,,,,$0.00
150846,PKG INSRT FRACTURE FIXATION,P,84644,TOOF AMERICAN DIGITAL PRINTING,25874,4575,0,0,15000,28,,,,,$0.00
150848,PKG INSRT METALLIC INTERNAL,P,84644,TOOF AMERICAN DIGITAL PRINTING,15720,895,0,0,2800,28,,,,,$0.00
150853,PKG INSRT ORTHOLOC™ ANKLE,P,84644,TOOF AMERICAN DIGITAL PRINTING,15840,444,0,0,8000,28,,,,,$0.00
150854,PKG INSRT PLATING SYS SCREWS,P,84644,TOOF AMERICAN DIGITAL PRINTING,22900,129,0,0,4500,21,,,,,$0.00
150858,PKG INSRT EVOLVE™ EPS,P,84644,TOOF AMERICAN DIGITAL PRINTING,14440,586,0,0,1000,28,,,,,$0.00
150860,PKG INSRT OUTER FIXATION,P,84644,TOOF AMERICAN DIGITAL PRINTING,6930,217,0,1000,1000,28,,,,,$606.40
150861,PKG INSRT ORTHOLOC™ SCREWS,P,84644,TOOF AMERICAN DIGITAL PRINTING,168638,6133,0,0,40000,15,,,,,$0.00
150862,PKG INSRT NON LOCKING SCREW,P,84644,TOOF AMERICAN DIGITAL PRINTING,280560,9368,0,0,25000,28,,,,,$0.00
150863,PKG INSRT ORTHOLOC™ WASHERS,P,84644,TOOF AMERICAN DIGITAL PRINTING,9155,503,0,0,1600,22,,,,,$0.00
150864,PKG INSRT TOTAL ANKLE SYS,P,84644,TOOF AMERICAN DIGITAL PRINTING,48300,2213,0,0,20000,28,,,,,$0.00
150867,PKG INSRT ABBREVIATED IFU,P,84644,TOOF AMERICAN DIGITAL PRINTING,650,0,0,0,5000,21,,,,,$0.00
150871,PKG INSRT CLAW™ II COMP,P,84644,TOOF AMERICAN DIGITAL PRINTING,8143,649,0,0,2000,15,,,,,$0.00
150873,PKG INSRT ORTHOLOC™ MINI,P,84644,TOOF AMERICAN DIGITAL PRINTING,5200,403,0,0,750,21,,,,,$0.00
150876,PKG INSRT ORTHOLOC™ 3DSI,P,84644,TOOF AMERICAN DIGITAL PRINTING,48341,2603,0,0,8000,15,,,,,$0.00
150880,PKG INSRT HALLUX ORTHO 3DI,P,84644,TOOF AMERICAN DIGITAL PRINTING,23010,742,0,150,3000,28,,,,,$60.92
150882,PKG INSRT ORTHOLOC™ FOREFOOT,P,84644,TOOF AMERICAN DIGITAL PRINTING,44110,5660,0,0,12000,28,,,,,$0.00
150883,PKG INSRT ORTHOLOC™ 3DI,P,84644,TOOF AMERICAN DIGITAL PRINTING,4883,463,0,0,1500,28,,,,,$0.00
151662,PKG INSRT SALVATION™ PLATING,P,84644,TOOF AMERICAN DIGITAL PRINTING,7470,700,0,0,1000,28,,,,,$0.00
151676,PKG INSRT PHALINX HAMMERTOE,P,84644,TOOF AMERICAN DIGITAL PRINTING,13561,826,0,0,2000,21,,,,,$0.00
151677,PKG INSRT DARCO® HEADED SCREW,P,84644,TOOF AMERICAN DIGITAL PRINTING,3895,448,0,0,1650,28,,,,,$0.00
151885,PKG INSRT SALVATION™ EX FIX,P,84644,TOOF AMERICAN DIGITAL PRINTING,32162,10793,0,0,11000,15,,,,,$0.00
152189,PKG INSRT FUSEFORCE™ IMPLANT,P,84644,TOOF AMERICAN DIGITAL PRINTING,27742,1746,0,480,7500,22,,,,,$302.16
152580,PKG INSRT MICA SCREWS,P,84644,TOOF AMERICAN DIGITAL PRINTING,13185,175,0,0,2200,22,,,,,$0.00
152914,PKG INSRT CROSSCHECK™ 3Di,P,84644,TOOF AMERICAN DIGITAL PRINTING,16917,1231,0,0,4000,22,,,,,$0.00
153421,PKG INSRT HV SCREWS,P,84644,TOOF AMERICAN DIGITAL PRINTING,9170,3100,0,0,1900,20,,,,,$0.00
153464,PKG INSRT 3DI SMALL BONES,P,84644,TOOF AMERICAN DIGITAL PRINTING,5490,349,0,0,2000,28,,,,,$0.00
154102,PKG INSRT MIXING CARD STERILE,M,84644,TOOF AMERICAN DIGITAL PRINTING,6900,503,0,0,1000,15,,,,,$0.00
154498,PKG INSRT JONES FRACTURE SYSTE,P,84644,TOOF AMERICAN DIGITAL PRINTING,5650,0,0,0,3700,30,,,,,$0.00
154521,PKG INSRT MIXING INSTRUCTIONS,P,84644,TOOF AMERICAN DIGITAL PRINTING,500,0,0,0,625,15,,,,,$0.00
154522,PKG INSRT MIXING INSTRUCTIONS,P,84644,TOOF AMERICAN DIGITAL PRINTING,1852,0,0,0,1500,15,,,,,$0.00
154590,PKG INSRT MIXING INSTRUCTIONS,M,84644,TOOF AMERICAN DIGITAL PRINTING,3700,0,0,0,20,15,,,,,$0.00
154591,PKG INSRT MIXING INSTRUCTIONS,M,84644,TOOF AMERICAN DIGITAL PRINTING,1655,0,0,0,20,15,,,,,$0.00
154817,PKG INSRT ORTHOLOC 2,P,84644,TOOF AMERICAN DIGITAL PRINTING,0,0,5300,0,2000,21,,,,,$0.00
154898,PKG INSRT MIXING INSTRUCTIONS,P,84644,TOOF AMERICAN DIGITAL PRINTING,1600,0,0,0,450,28,,,,,$0.00
156146,PKG INSRT DFE SCREWS,P,84644,TOOF AMERICAN DIGITAL PRINTING,1120,0,0,0,450,22,,,,,$0.00
IFU-002,PATIENT IMPLANT CARD,P,84644,TOOF AMERICAN DIGITAL PRINTING,52100,0,0,0,10,30,,,,,$0.00
IFU-003,EIFU POINTER,P,84644,TOOF AMERICAN DIGITAL PRINTING,406300,250,0,78000,625,21,,,,,$2285.40
126776,BAR RND 1.115,P,84627,TITANIUM INDUSTRIES INC.,4197,812,0,1560,1060,280,,,,,$33023.95
129799,BAR RND 1.000 GRIND X 12FT,P,84627,TITANIUM INDUSTRIES INC.,534,0,0,0,130,160,,,,,$0.00
141848,BAR RND .625 X 6 / 12 FT,P,84627,TITANIUM INDUSTRIES INC.,1093,0,0,0,2100,30,415,2024-05-13 00:00:00,2024-06-12 00:00:00,$765.70,$0.00
148998,BAR FLT .1875 X 3.25 X 7.5,P,84627,TITANIUM INDUSTRIES INC.,154,101,0,0,60,150,,,,,$0.00
149872,BAR FLT .5 X 1 X 4 TT,P,84627,TITANIUM INDUSTRIES INC.,0,0,0,0,10,150,,,,,$0.00
150535,BAR TUBE 1.875 OD .25WALL X,P,84627,TITANIUM INDUSTRIES INC.,0,0,0,0,10,37,2,2024-04-22 00:00:00,2024-05-29 00:00:00,$703.94,$0.00
150536,BAR TUBE 1.875 OD .25WALL X,P,84627,TITANIUM INDUSTRIES INC.,0,0,0,0,10,37,2,2024-04-22 00:00:00,2024-05-29 00:00:00,$767.53,$0.00
150537,BAR TUBE 1.875 OD .25WALL X,P,84627,TITANIUM INDUSTRIES INC.,0,0,0,0,10,37,2,2024-04-22 00:00:00,2024-05-29 00:00:00,$640.25,$0.00
150539,BAR RND 2.500+/.003 X.1.00 IN,P,84627,TITANIUM INDUSTRIES INC.,0,0,0,0,10,160,,,,,$0.00
151733,BAR FLT .50 X 1.625 X 4.188 TT,P,84627,TITANIUM INDUSTRIES INC.,597,15,0,0,100,150,,,,,$0.00
152698,BAR FLT .25 X 1.25 X 1.25,P,84627,TITANIUM INDUSTRIES INC.,1046,20,0,0,200,150,,,,,$0.00
129493,INST MIXER CEMENT NON STERILE,P,84456,SUMMIT MEDICAL UK,2525,322,0,270,1,56,,,,,$5777.30
132893,INST VACUUM TUBE NON-STERILE,P,84456,SUMMIT MEDICAL UK,11680,1282,0,2000,1,56,,,,,$8131.80
135237,INST SYRINGE NON STER Z-MAX™,P,84456,SUMMIT MEDICAL UK,4778,690,0,0,1,56,,,,,$0.00
135238,INST MIXER NON STERILE,P,84456,SUMMIT MEDICAL UK,8637,1378,4000,1000,1,56,,,,,$32842.20
138022,INST SYRINGE NON STER Z-MAX™,P,84456,SUMMIT MEDICAL UK,239,49,0,0,1,56,,,,,$0.00
149168,INST Z MAX MIXER GRN NO,P,84456,SUMMIT MEDICAL UK,0,0,0,0,10,180,,,,,$0.00
100064,LABEL 1/2 IN GAMMA ORANGE,P,84422,"STERIMARK, INC.",720000,9528,0,0,25000,15,,,,,$0.00
103377,LABEL 1/2 IN ETO PURPLE,P,84422,"STERIMARK, INC.",565000,6779,0,0,30000,15,,,,,$0.00
117877,LABEL 1/2 IN GAMMA RED,P,84422,"STERIMARK, INC.",0,0,0,0,25000,22,480,2024-04-22 00:00:00,2024-05-14 00:00:00,$8.35,$0.00
127466,IMP TENDON END ACTIVE SS,M,84313,SOUTHEASTERN TECHNOLOGY,311,0,0,0,250,120,,,,,$0.00
127467,IMP TENDON END PASSIVE SS,M,84313,SOUTHEASTERN TECHNOLOGY,426,0,0,0,65,120,,,,,$0.00
141205,IMP WSHR FOR 3.5/4.0MM SCR TT,P,84313,SOUTHEASTERN TECHNOLOGY,0,0,0,200,200,126,,,,,$2876.84
156185,BAR RND 2 IN DIA RADEL ORANGE,P,84313,SOUTHEASTERN TECHNOLOGY,571,0,0,0,500,37,,,,,$0.00
123929,INST INJ CANISTER 3.0MM,P,84112,"SCAN TOOL & MOLD, INC.",1078,15,0,0,500,21,,,,,$0.00
123931,INST INJ CANISTER 3.0MM,P,84112,"SCAN TOOL & MOLD, INC.",0,0,0,0,250,60,,,,,$0.00
123932,INST INJ CANISTER 4.8MM,P,84112,"SCAN TOOL & MOLD, INC.",1231,30,1000,0,450,21,,,,,$0.00
123935,INST INJ PLNGR SHRT 3.0,P,84112,"SCAN TOOL & MOLD, INC.",534,15,0,0,500,21,,,,,$0.00
123936,INST INJ PLNGR LNG 3.0,P,84112,"SCAN TOOL & MOLD, INC.",582,15,0,0,500,21,,,,,$0.00
123937,INST INJ PLNGR SHRT 4.8,P,84112,"SCAN TOOL & MOLD, INC.",17760,30,0,0,500,21,,,,,$0.00
123938,INST INJ PLNGR LNG 4.8,P,84112,"SCAN TOOL & MOLD, INC.",14046,30,0,0,500,21,,,,,$0.00
124154,SPATULA PUTTY,P,84112,"SCAN TOOL & MOLD, INC.",14884,2605,10000,35000,13000,21,,,,,$10678.50
133471,INST CURETTE CLOSED CDK SS BIO,P,84093,AUTOCAM MEDICAL PLYMOUTH,2330,162,0,0,500,154,,,,,$0.00
133472,INST TAMP LNG CDK SS BIO ASSEM,P,84093,AUTOCAM MEDICAL PLYMOUTH,2623,162,0,0,500,154,,,,,$0.00
151897,COMP AUG CEN 15X6MM ANK TT,P,84093,AUTOCAM MEDICAL PLYMOUTH,70,0,0,0,30,35,,,,,$0.00
151899,COMP AUG CEN 15X10MM ANK TT,P,84093,AUTOCAM MEDICAL PLYMOUTH,29,0,0,0,15,35,,,,,$0.00
151901,COMP AUG CEN 20X6MM ANK TT,P,84093,AUTOCAM MEDICAL PLYMOUTH,25,0,0,0,15,35,,,,,$0.00
151903,COMP AUG CEN 20X10MM ANK TT,P,84093,AUTOCAM MEDICAL PLYMOUTH,30,0,0,0,15,35,,,,,$0.00
151917,COMP AUG OBL 15X6MM ANK TT,P,84093,AUTOCAM MEDICAL PLYMOUTH,55,0,0,0,15,35,,,,,$0.00
151919,COMP AUG OBL 15X10MM ANK TT,P,84093,AUTOCAM MEDICAL PLYMOUTH,18,0,0,10,10,35,,,,,$3788.74
151921,COMP AUG OBL 20X6MM ANK TT,P,84093,AUTOCAM MEDICAL PLYMOUTH,22,0,0,0,15,35,,,,,$0.00
151923,COMP AUG OBL 20X10MM ANK TT,P,84093,AUTOCAM MEDICAL PLYMOUTH,19,0,0,0,15,35,,,,,$0.00
156387,LABEL 3.6IN X 3.3IN,P,83992,RESOURCE LABEL GROUP,42100,0,0,0,8250,90,,,,,$0.00
128090,INST SYRINGE CONNECTOR 2-WAY,P,83905,QOSINA,6350,0,0,0,50,30,,,,,$0.00
128489,INST SYRINGE CAP RED HDPE W/,P,83905,QOSINA,3749,220,0,0,715,30,,,,,$0.00
130443,INST SYRINGE CAP RED PC,P,83905,QOSINA,1600,168,0,0,720,30,,,,,$0.00
135248,POUCH FOIL 7.25 x 5.000 IN,P,83724,AMCOR HEALTHCARE PACKAGING INC,27250,1928,0,5000,1000,112,,,,,$9738.00
137114,POUCH FOIL 3.625 X 5.000 IN,P,83724,AMCOR HEALTHCARE PACKAGING INC,29000,1264,0,0,5000,112,,,,,$0.00
9510001800,TRAY FEMORAL HEAD INNER,P,83724,AMCOR HEALTHCARE PACKAGING INC,1575,537,0,0,500,60,,,,,$0.00
9510001900,TRAY FEMORAL HEAD OUTER,P,83724,AMCOR HEALTHCARE PACKAGING INC,5600,501,0,0,1000,60,,,,,$0.00
132408,IMP WIRE .062IN X 5IN 510K,M,83557,ELOS MEDTECH US HOLDINGS INC,481,0,0,0,100,147,,,,,$0.00
141747,IMP PIN 3MM HLF 100MM LNG,P,83557,ELOS MEDTECH US HOLDINGS INC,123,0,0,0,50,140,,,,,$0.00
152162,INST DEPTH REAMER 2.8MM FOOT,P,83557,ELOS MEDTECH US HOLDINGS INC,0,0,0,0,10,140,,,,,$0.00
112623,EL MLDS 55D PT.A SJO SIL,P,83511,NUSIL TECHNOLOGY,16798,581,0,27240,10,126,,,,,$31808.15
112624,EL MLDS 55D PT.B SJO SIL,P,83511,NUSIL TECHNOLOGY,16798,581,0,24970,15,84,,,,,$29157.47
112627,EL MLDS 45D PT.A SJO SIL,P,83511,NUSIL TECHNOLOGY,7202,368,4540,0,5,126,,,,,$0.00
112628,EL MLDS 45D PT.B SJO SIL,P,83511,NUSIL TECHNOLOGY,7202,368,4540,0,5,126,,,,,$0.00
112809,EL MLDS 55D PT.A SJO SIL,P,83511,NUSIL TECHNOLOGY,82848,455,0,47670,15,126,,,,,$59353.92
112810,EL MLDS 55D PT B  SJO SIL,P,83511,NUSIL TECHNOLOGY,6256,364,0,15890,5,126,,,,,$19784.64
112869,SJO SIL 55D PTA EL MLDS,P,83511,NUSIL TECHNOLOGY,3954,582,0,9080,5,126,,,,,$11305.51
112870,SJO SIL 55D PTB EL MLDS,P,83511,NUSIL TECHNOLOGY,3954,582,0,9080,5,126,,,,,$11305.51
113358,SJO SIL REDBR PTB EL MLDS,P,83511,NUSIL TECHNOLOGY,15146,80,0,15890,5,126,,,,,$19784.64
113361,SJO SIL BLK PTB EL MLDS,P,83511,NUSIL TECHNOLOGY,9595,105,0,15890,5,126,,,,,$19784.64
113364,SJO SIL COBL PTB EL MLDS,P,83511,NUSIL TECHNOLOGY,8900,85,0,11350,5,126,,,,,$14131.89
113367,SJO SIL PINK PTB EL MLDS,P,83511,NUSIL TECHNOLOGY,4240,103,0,13620,5,126,,,,,$16958.26
113370,SJO SIL GRN PTB EL MLDS,P,83511,NUSIL TECHNOLOGY,11956,167,0,20430,5,126,,,,,$25437.39
113373,EL MLDS YEL PT B  SJO SIL,P,83511,NUSIL TECHNOLOGY,4395,131,0,11350,5,126,,,,,$14131.89
113376,SJO SIL RED PTB EL MLDS,P,83511,NUSIL TECHNOLOGY,0,176,0,2270,5,126,,,,,$2691.77
113379,SJO SIL GRY PTB EL MLDS,P,83511,NUSIL TECHNOLOGY,14821,116,4540,20430,5,126,,,,,$24225.89
113382,SJO SIL TURQ PTB EL MLDS,P,83511,NUSIL TECHNOLOGY,3334,79,0,2270,5,126,,,,,$2496.32
113385,SJO SIL FLSH PTB EL MLDS,P,83511,NUSIL TECHNOLOGY,1725,0,0,9080,5,84,,,,,$21534.13
124039,SJO SIL BLK PT A EL MLDS,P,83511,NUSIL TECHNOLOGY,26827,0,0,22700,5,126,,,,,$28263.77
124040,SJO SIL BLK PT B EL MLDS,P,83511,NUSIL TECHNOLOGY,26828,0,0,20430,5,84,,,,,$25437.39
127459,IMP BAS04 MS10-0087,P,83511,NUSIL TECHNOLOGY,3574,98,0,15890,5,56,,,,,$14718.91
127460,EL MLDS SIL MS10-0086,P,83511,NUSIL TECHNOLOGY,17730,636,0,9080,10,84,,,,,$16736.26
127472,IMP SURFACE PRIMER SP-260,P,83511,NUSIL TECHNOLOGY,24,0,0,28,5,70,,,,,$5872.66
131407,DRILL 3.2MM OSTEOLYSIS,P,83452,"NG INSTRUMENTS, INC.",2420,18,0,0,25,119,,,,,$0.00
133463,INST DRL 9MM CANN CDK CC BIO,P,83452,"NG INSTRUMENTS, INC.",948,127,0,500,250,119,,,,,$35216.60
142924,INST DRL TIB SZ 6 ANKL SS,P,83452,"NG INSTRUMENTS, INC.",296,0,0,0,50,119,,,,,$0.00
143502,INST WIRE GDE 2.5 FLT SCL SS,P,83452,"NG INSTRUMENTS, INC.",371,16,0,0,25,119,,,,,$0.00
143503,INST DRL 5.3MM CANN SCL SS BIO,P,83452,"NG INSTRUMENTS, INC.",234,16,0,0,25,119,,,,,$0.00
147449,INST WIRE GDE 2.5MM  NEOSS SS,P,83452,"NG INSTRUMENTS, INC.",0,0,0,0,25,119,,,,,$0.00
149865,INST DRL 5.3MM CANN NEOSS SS,P,83452,"NG INSTRUMENTS, INC.",0,0,0,0,25,119,,,,,$0.00
151786,INST RMR SZ 2MM FOOT 15MM,P,83452,"NG INSTRUMENTS, INC.",8211,1198,2753,7375,2500,119,,,,,$209325.36
151787,INST RMR SZ 3X90MM FOOT SS,P,83452,"NG INSTRUMENTS, INC.",2220,1155,0,2247,2500,119,,,,,$69411.85
153941,COMP BUR 3.1MM X 13MM,P,83452,"NG INSTRUMENTS, INC.",234,0,191,837,500,119,,,,,$37304.50
143511,INST PROBE DRL GDE SCL BIO SS,P,83410,NEMCOMED,235,16,0,0,30,126,,,,,$0.00
143514,INST BUSHING 2.5MM DRL GDE SCL,P,83410,NEMCOMED,236,16,0,0,25,126,,,,,$0.00
143748,COMP TISSUE PROTECTOR SCL SS,P,83410,NEMCOMED,214,12,0,0,50,126,,,,,$0.00
102914,"BAR RND 1-3/8 IN,630 SS PER",P,83354,M. VINCENT & ASSOC.,133,2,0,0,50,30,,,,,$0.00
110950,BAR FLT 2IN X 5IN 630SS ASTM,P,83354,M. VINCENT & ASSOC.,1116,9,0,0,225,30,,,,,$0.00
112764,BAR FLT 2IN X 2IN 630SS ASTM,P,83354,M. VINCENT & ASSOC.,832,11,0,0,165,30,,,,,$0.00
116227,BAR FLT 1IN X 4IN 630SS ASTM,P,83354,M. VINCENT & ASSOC.,297,14,0,0,145,35,,,,,$0.00
130860,BAR FLT 1 IN X 2 IN 630 SS,P,83354,M. VINCENT & ASSOC.,848,62,0,0,700,36,,,,,$0.00
133477,BAR RND .187 X 6 / 12 FT,P,83354,M. VINCENT & ASSOC.,25733,3231,0,0,2000,15,,,,,$0.00
134384,BAR RND .406 X 6 / 12 FT,P,83354,M. VINCENT & ASSOC.,12693,1955,0,1101,3000,60,,,,,$2139.46
134404,BAR RND .3125 X 6 / 12 FT,P,83354,M. VINCENT & ASSOC.,1491,631,0,0,300,30,,,,,$0.00
134405,BAR RND .3543 X 6 / 12 FT,P,83354,M. VINCENT & ASSOC.,212,34,0,0,10,60,,,,,$0.00
134546,BAR RND .250 X 6 / 12 FT,P,83354,M. VINCENT & ASSOC.,1014,82,0,0,400,60,,,,,$0.00
142285,BAR RND .250 X 6 / 12 FT,P,83354,M. VINCENT & ASSOC.,7158,1165,0,0,3300,20,,,,,$0.00
143693,BAR RND .1875 X 6 FT,P,83354,M. VINCENT & ASSOC.,3690,350,860,200,10,10,,,,,$52.10
143908,BAR RND .187 X 6 / 12 FT,P,83354,M. VINCENT & ASSOC.,28370,4216,0,0,30000,10,,,,,$0.00
146170,BAR RND 1.379 X 12 FT,P,83354,M. VINCENT & ASSOC.,186,16,0,0,10,37,,,,,$0.00
147277,BAR RND .150 X 6 / 12 FT,P,83354,M. VINCENT & ASSOC.,12608,719,0,0,1600,60,,,,,$0.00
143505,INST WORKING CANN SCL SS BIO,P,83206,"MICROPULSE, INC.",390,20,0,0,30,42,,,,,$0.00
134701,INST WSHR  7.0 X 13 OBLIQUE,P,83168,METAL CRAFT,200,0,0,0,10,60,,,,,$0.00
128953,INST SYRINGE 20CC PC NON-STER,P,83165,MERIT MEDICAL SYSTEMS,600,187,0,0,250,56,,,,,$0.00
128959,INST SYRINGE 30CC PC STER LG,P,83165,MERIT MEDICAL SYSTEMS,1561,116,0,0,250,56,,,,,$0.00
129114,INST SYRINGE 10CC PC NON-STER,P,83165,MERIT MEDICAL SYSTEMS,3787,2487,4195,375,2000,42,,,,,$1620.26
129917,INST SYRINGE 3CC PC NON-STER,P,83165,MERIT MEDICAL SYSTEMS,475,0,0,0,275,42,,,,,$0.00
131577,INST SYRINGE 20CC MERIT VACLOK,P,83165,MERIT MEDICAL SYSTEMS,536,83,0,100,200,42,,,,,$492.86
133374,INST SYRINGE 6CC PC NON-STER,P,83165,MERIT MEDICAL SYSTEMS,703,164,0,0,125,42,,,,,$0.00
133377,INST SYRINGE 6CC PC,P,83165,MERIT MEDICAL SYSTEMS,979,1508,0,2000,450,42,,,,,$5276.00
149160,INST SCALPEL #11 GRN,P,83165,MERIT MEDICAL SYSTEMS,0,0,0,0,6000,56,,,,,$0.00
154803,INST SYRINGE 10CC VACLOK,P,83165,MERIT MEDICAL SYSTEMS,1083,0,0,100,200,42,,,,,$492.86
135765,PKG INSRT BIOFOAM™ SPACER,P,83162,MERCURY PRINTING,5819,403,0,0,1200,22,,,,,$0.00
137837,PKG INSRT MIXING INSTRUCTIONS,M,83162,MERCURY PRINTING,600,241,0,0,10,30,,,,,$0.00
150814,PKG INSRT HUNTER TENDON IMPLT,P,83162,MERCURY PRINTING,2920,246,0,0,1650,18,,,,,$0.00
150818,PKG INSRT BONE MARROW,P,83162,MERCURY PRINTING,4295,0,0,0,10,31,,,,,$0.00
150826,PKG INSRT CHINESE OSTEOSET™ T,P,83162,MERCURY PRINTING,10820,339,0,0,1500,22,,,,,$0.00
150831,PKG INSRT PRODENSE,P,83162,MERCURY PRINTING,36480,815,0,0,1000,30,,,,,$0.00
150835,PKG INSRT CDK INSTRUMENTS,P,83162,MERCURY PRINTING,6300,0,0,0,1000,22,,,,,$0.00
150837,PKG INSRT BIOFOAM™ SPACER,P,83162,MERCURY PRINTING,9742,0,0,0,300,22,,,,,$0.00
150839,PKG INSRT MIXING CARD STERILE,M,83162,MERCURY PRINTING,10017,455,0,0,1000,15,,,,,$0.00
150842,PKG INSRT PROSTIM,P,83162,MERCURY PRINTING,7604,806,0,0,600,22,,,,,$0.00
150844,PKG INSRT MIXING CARD STERILE,M,83162,MERCURY PRINTING,2575,2402,0,0,1500,15,1807,2024-04-28 00:00:00,2024-05-13 00:00:00,$5580.56,$0.00
150847,PKG INSRT G-FORCE™ TENODESIS,P,83162,MERCURY PRINTING,3440,256,0,0,1250,22,,,,,$0.00
150849,PKG INSRT FLAT FOOT PROSTHESIS,P,83162,MERCURY PRINTING,1655,291,0,0,400,22,,,,,$0.00
150851,PKG INSRT VALOR ANKLE FUSION,P,83162,MERCURY PRINTING,0,1841,0,0,4000,22,1841,2024-04-22 00:00:00,2024-05-14 00:00:00,$1239.18,$0.00
150857,PKG INSRT DARCO® SIMONS,P,83162,MERCURY PRINTING,6430,403,0,0,10,22,,,,,$0.00
150859,PKG INSRT PRO-TOE® HAMMERTOE,P,83162,MERCURY PRINTING,6885,484,0,0,1100,22,,,,,$0.00
150865,PKG INSRT BIOFOAM™ ANKLE,P,83162,MERCURY PRINTING,10190,0,0,0,8250,22,,,,,$0.00
150872,PKG INSRT EVOLVE™ TRIAD,P,83162,MERCURY PRINTING,3920,190,0,0,750,22,,,,,$0.00
150874,PKG INSRT EVOLVE™ TRIAD SCREWS,P,83162,MERCURY PRINTING,11920,291,0,0,4700,22,,,,,$0.00
150884,PKG INSRT ORTHOLOC™ 3DI,P,83162,MERCURY PRINTING,16637,302,0,0,1300,22,,,,,$0.00
151660,PKG INSRT SALVATION™ EX FIX,P,83162,MERCURY PRINTING,570,144,0,0,825,33,,,,,$0.00
151661,PKG INSRT SALVATION™ BEAMS,P,83162,MERCURY PRINTING,16570,1088,0,0,1300,22,,,,,$0.00
152130,PKG INSRT ORTHOLOC™ PLATE,P,83162,MERCURY PRINTING,9540,178,0,0,10,22,,,,,$0.00
152231,PKG INSRT CANN SCREW SYS,P,83162,MERCURY PRINTING,1690,493,0,0,750,22,,,,,$0.00
152917,PKG INSRT PRODENSE 2.0,P,83162,MERCURY PRINTING,3460,1625,0,0,960,90,,,,,$0.00
154099,PKG INSRT MIXING INSTRUCTIONS,P,83162,MERCURY PRINTING,15799,128,0,0,400,22,,,,,$0.00
154101,PKG INSRT MIXING INSTRUCTIONS,P,83162,MERCURY PRINTING,7320,1031,0,0,800,22,,,,,$0.00
154103,PKG INSRT MIXING INSTRUCTIONS,P,83162,MERCURY PRINTING,764,160,0,0,150,90,,,,,$0.00
154104,PKG INSRT MIXING CARD STERILE,M,83162,MERCURY PRINTING,3600,446,0,0,3000,90,,,,,$0.00
128039,INST BALL PLNGR 6-40 HIP,P,83054,MCMASTER CARR SUPPLY CO.,106,11,0,0,20,28,,,,,$0.00
129543,INST O-RING BUNA-N NO.010,P,83054,MCMASTER CARR SUPPLY CO.,2694,250,1400,0,700,28,,,,,$0.00
143515,COMP SCR THUMB #10-32 SCL,P,83054,MCMASTER CARR SUPPLY CO.,128,16,0,0,10,60,,,,,$0.00
143518,INST WSHR .255 ID SCL SS PP,P,83054,MCMASTER CARR SUPPLY CO.,221,11,0,0,25,28,,,,,$0.00
143519,COMP SCR PRESS IN CAPTIVE SCL,P,83054,MCMASTER CARR SUPPLY CO.,125,11,0,0,30,28,,,,,$0.00
149362,INST O-RING .219 X .062 BLK,P,83054,MCMASTER CARR SUPPLY CO.,653,168,450,0,100,30,,,,,$0.00
156657,LABEL TEMPERATURE INDICATOR,P,83054,MCMASTER CARR SUPPLY CO.,6534,0,0,0,10,37,,,,,$0.00
156698,NEOPRENE O-RING CARTIVA,P,83054,MCMASTER CARR SUPPLY CO.,2500,0,0,0,10,0,,,,,$0.00
138903,CTN FLD 4-17/32 X 2-1/2 X 10,P,83020,MCCOWAT MERCER PACKAGING,2400,195,0,0,545,120,,,,,$0.00
139877,INSERT FLD 10-1/4 X 4-3/4 X 18,P,83020,MCCOWAT MERCER PACKAGING,450,0,0,0,10,120,,,,,$0.00
150752,CTN FLD 12 X 11 X 5,P,83020,MCCOWAT MERCER PACKAGING,6097,291,0,0,600,120,,,,,$0.00
150753,CTN FLD 9.375 X 3.75 X 17.5,P,83020,MCCOWAT MERCER PACKAGING,2129,96,0,0,250,120,,,,,$0.00
150754,CTN FLD 4.25 X 1.875 X 5.9375,P,83020,MCCOWAT MERCER PACKAGING,1300,0,0,0,10,120,,,,,$0.00
150755,CTN FLD 2.8125 X 1 X 5.8125,P,83020,MCCOWAT MERCER PACKAGING,31050,557,0,0,1500,120,,,,,$0.00
150757,CTN FLD 4.188 X 1.687 X 5.188,P,83020,MCCOWAT MERCER PACKAGING,4112,1982,0,0,2500,120,,,,,$0.00
150758,CTN FLD 5.125 X 2.3125 X 5.125,P,83020,MCCOWAT MERCER PACKAGING,18200,477,0,400,2000,120,,,,,$737.56
150759,CTN FLD 4.125 X 1.125 X 5.125,P,83020,MCCOWAT MERCER PACKAGING,224400,8211,0,100000,25000,120,,,,,$18260.00
150760,CTN FLD 4.375 X 1.25 X 8.875,P,83020,MCCOWAT MERCER PACKAGING,3505,192,0,0,1500,120,,,,,$0.00
150761,CTN FLD 4 X .750 X 9.750,P,83020,MCCOWAT MERCER PACKAGING,2000,0,0,0,625,120,,,,,$0.00
150762,CTN FLD 5.75 X 1 X 13,P,83020,MCCOWAT MERCER PACKAGING,4953,219,0,0,750,120,,,,,$0.00
150766,CTN FLD 3 X 1.5 X 5.813,P,83020,MCCOWAT MERCER PACKAGING,15750,581,0,0,5500,120,,,,,$0.00
150769,CTN FLD 3 X 1.125 X 8,P,83020,MCCOWAT MERCER PACKAGING,30300,2745,0,0,4500,120,,,,,$0.00
150770,CTN FLD 3 X 1.125 X 4,P,83020,MCCOWAT MERCER PACKAGING,219200,5112,0,60000,19000,120,,,,,$10680.00
150771,CTN FLD 4.125 X 0.75 X 15.125,P,83020,MCCOWAT MERCER PACKAGING,15400,913,0,0,4000,120,,,,,$0.00
150773,CTN FLD 2.8125 X 1.375 X5.8125,P,83020,MCCOWAT MERCER PACKAGING,1050,192,0,0,1050,120,,,,,$0.00
150774,CTN FLD 4 X 1.75 X 8,P,83020,MCCOWAT MERCER PACKAGING,111340,3032,0,11000,11000,120,,,,,$3547.50
150776,CTN FLD 8 X 1 X 9.25,P,83020,MCCOWAT MERCER PACKAGING,2911,0,0,0,1600,120,,,,,$0.00
150778,CTN FLD 4.125 X 0.75 X 6,P,83020,MCCOWAT MERCER PACKAGING,20500,392,0,0,1500,120,,,,,$0.00
150779,CTN FLD 4.125 X 0.75 X 17,P,83020,MCCOWAT MERCER PACKAGING,4543,531,0,2000,900,120,,,,,$4394.60
150781,CTN FLD 5.75 X 3.3125 X 6.25,P,83020,MCCOWAT MERCER PACKAGING,4999,154,0,0,1835,120,,,,,$0.00
150782,CTN FLD 5.25 X 2.5625 X 6.5,P,83020,MCCOWAT MERCER PACKAGING,4200,720,0,500,1250,120,,,,,$1411.30
150783,CTN FLD 5.75 X 0.75 X 8.875,P,83020,MCCOWAT MERCER PACKAGING,1322,0,0,0,375,120,,,,,$0.00
150784,CTN FLD 10.25 X 4.75 X 20.75,P,83020,MCCOWAT MERCER PACKAGING,1900,0,0,0,770,120,,,,,$0.00
150785,CTN FLD 10.531 X 4.812 X14.562,P,83020,MCCOWAT MERCER PACKAGING,1200,110,0,650,635,120,,,,,$2819.38
150789,CTN FLD 6.182 X 4,P,83020,MCCOWAT MERCER PACKAGING,10925,2969,0,0,2500,120,,,,,$0.00
150790,CTN FLD 9.375 X 4,P,83020,MCCOWAT MERCER PACKAGING,32000,557,0,0,3500,120,,,,,$0.00
152673,CTN FLD 22 X 4.5 X 0.75,P,83020,MCCOWAT MERCER PACKAGING,4900,663,0,0,1300,120,,,,,$0.00
153520,CTN FLD 4 X .750 X 7.75,P,83020,MCCOWAT MERCER PACKAGING,28125,804,0,0,9500,120,,,,,$0.00
153525,CTN FLD 5.5 X 1.3 X 10,P,83020,MCCOWAT MERCER PACKAGING,33000,899,0,3000,2200,120,,,,,$2507.70
153870,CTN FLD 8 X 2 X 11.5,P,83020,MCCOWAT MERCER PACKAGING,9000,238,0,650,650,120,,,,,$1762.15
153893,CTN FLD 10 X 10 X 5,P,83020,MCCOWAT MERCER PACKAGING,2500,26,0,0,1035,120,,,,,$0.00
153945,CTN FLD 11 X 2.5 X 12,P,83020,MCCOWAT MERCER PACKAGING,24000,360,0,1500,1400,120,,,,,$4385.25
154029,"CTN FLD 4 X .75 X 7.75,PROSTEP",P,83020,MCCOWAT MERCER PACKAGING,23539,635,0,0,2100,120,,,,,$0.00
154035,CTN FLAT 4.0 x 4.0 x .35,P,83020,MCCOWAT MERCER PACKAGING,27547,1016,0,0,8100,120,,,,,$0.00
154479,CTN FLD 6.5 X 2 X 8.19,P,83020,MCCOWAT MERCER PACKAGING,14750,0,0,0,4200,120,,,,,$0.00
154533,CTN FLD 10.125 X 2.625 X13.875,P,83020,MCCOWAT MERCER PACKAGING,1560,0,0,0,525,120,,,,,$0.00
155013,CTN ENVELOPE 2.80X4.15 W/WNDW,P,83020,MCCOWAT MERCER PACKAGING,170250,25000,0,20000,1200,120,,,,,$10596.00
155014,CTN ENVELOPE 2.80X5.85 W/WNDW,P,83020,MCCOWAT MERCER PACKAGING,8660,0,0,0,1200,120,,,,,$0.00
155015,CTN ENVELOPE 2.80X7.50 W/WNDW,P,83020,MCCOWAT MERCER PACKAGING,33452,0,0,0,1200,120,,,,,$0.00
155017,CTN FLD 3 X 4.15 X .65 W/ WNDW,P,83020,MCCOWAT MERCER PACKAGING,134250,0,0,0,2500,120,,,,,$0.00
155022,CTN FLD 3 X 7.50 X 1 W/ WNDW,P,83020,MCCOWAT MERCER PACKAGING,4735,0,0,0,10,42,,,,,$0.00
129513,BLISTER TRAY INNER PETG,P,82947,AMCOR HEALTHCARE PACKAGING INC,5732,257,0,1000,540,112,,,,,$5221.70
129515,BLISTER TRAY OUTER  PETG,P,82947,AMCOR HEALTHCARE PACKAGING INC,1485,213,0,2000,500,112,,,,,$8250.60
132563,BLISTER TRAY INNER PETG MOD,P,82947,AMCOR HEALTHCARE PACKAGING INC,2900,263,0,1000,1000,112,,,,,$2773.40
143416,INSRT PETG AM SURGICAL BLADE,P,82947,AMCOR HEALTHCARE PACKAGING INC,5418,581,0,0,1000,60,,,,,$0.00
139742,COMP SCR 2.7MM X 10MM SS,P,82926,"MAITLAND ENGINEERING, INC.",0,0,0,0,10,60,,,,,$0.00
139749,COMP SCR 2.7MM X 24MM SS,P,82926,"MAITLAND ENGINEERING, INC.",0,0,0,0,10,60,,,,,$0.00
101945,"BAR RND 1-1/2 IN 630,SS",P,82618,EARLE M JORGENSEN,190,1,0,0,100,7,,,,,$0.00
101946,"BAR RND 1/2 IN,630 SS",P,82618,EARLE M JORGENSEN,340,47,0,0,300,7,,,,,$0.00
101948,"BAR RND 1 IN,630 SS",P,82618,EARLE M JORGENSEN,137,11,0,0,125,7,,,,,$0.00
101978,"BAR RND 5/8 IN,630 SS",P,82618,EARLE M JORGENSEN,434,50,0,0,144,7,,,,,$0.00
124173,POUCH FOIL 6.25 X 16.5 IN,P,82468,OLIVER HEALTHCARE PACKAGING COMPANY,3450,3,0,0,3000,30,,,,,$0.00
154027,"HDPE CARD, MI06, MI07, MI08",P,82468,OLIVER HEALTHCARE PACKAGING COMPANY,10200,537,0,10000,5400,22,,,,,$7708.00
119952,CAP .375 X 1.5 SIL,P,82266,HARMAN CORP.,2805,0,0,0,250,37,,,,,$0.00
123313,COMP CAP  .109 X .75 SL,P,82266,HARMAN CORP.,5218,1741,0,0,1400,37,,,,,$0.00
124609,CAP .312 X 1  SIL,P,82266,HARMAN CORP.,1277,0,0,0,10,44,,,,,$0.00
112078,BOX PLASTIC HINGED CLEAR,P,82089,GARY PLASTICS,1920,75,0,0,175,30,,,,,$0.00
153556,COMP SUTR RTVR DIAMD ASSEM,P,82079,FORT WAYNE METALS,5077,395,0,4000,1000,182,,,,,$27357.20
135977,BAR TUBE.250 OD.067IDX6 /12FT,P,82033,FORECREU AMERICA,7632,3617,0,0,2800,180,,,,,$0.00
146926,BAR TUBE .187 OD .039 ID X 6FT,P,82033,FORECREU AMERICA,4609,493,0,0,2510,30,,,,,$0.00
117046,LABEL ROLL PMS 5C SZ.0,P,82012,FLEXIBLE TAPE & LABEL CO.,2000,619,0,0,1000,42,,,,,$0.00
117047,LABEL ROLL PMS 286C SZ.1,P,82012,FLEXIBLE TAPE & LABEL CO.,3000,619,0,0,750,42,,,,,$0.00
117048,LABEL ROLL PMS 190C SZ.2,P,82012,FLEXIBLE TAPE & LABEL CO.,4000,619,0,0,2250,42,,,,,$0.00
117049,LABEL ROLL PMS 575C SZ.3,P,82012,FLEXIBLE TAPE & LABEL CO.,7000,1237,0,0,1300,42,,,,,$0.00
124521,LABEL ROLL PMS 300 .55 X,P,82012,FLEXIBLE TAPE & LABEL CO.,86000,4862,0,0,15000,42,,,,,$0.00
129202,LABEL ROLL BMP 1.5 IN X 1.5 IN,P,82012,FLEXIBLE TAPE & LABEL CO.,74000,4701,0,0,10000,42,,,,,$0.00
155321,LABEL .75 IN X 1.75 IN ROLL,P,82012,FLEXIBLE TAPE & LABEL CO.,4000,0,0,0,2500,90,,,,,$0.00
122226,BOTTLE 60CC FRENCH SQ W/CAP PP,P,81999,FISHER SCIENTIFIC COMPANY,195,267,0,0,365,56,72,2024-04-22 00:00:00,2024-06-17 00:00:00,$86.77,$0.00
126167,SODIUM CHLORIDE 0.9% USP,P,81999,FISHER SCIENTIFIC COMPANY,38000,5547,0,181500,25,56,,,,,$1560.90
126926,CAP BLK PHEN 20-400,P,81999,FISHER SCIENTIFIC COMPANY,10661,3679,0,0,3000,21,,,,,$0.00
126927,CAP BLK PHEN 24-400,P,81999,FISHER SCIENTIFIC COMPANY,11373,635,0,5000,3600,21,,,,,$2955.00
127142,WATER FOR IRRIGATION USP,P,81999,FISHER SCIENTIFIC COMPANY,53254,3297,0,36000,24000,56,,,,,$306.00
129210,INST FUNNEL MIN MIIG™ 115,P,81999,FISHER SCIENTIFIC COMPANY,1031,314,600,0,600,90,,,,,$0.00
150006,BOTTLE 20ML S/T TYPE 1 BSG,P,81999,FISHER SCIENTIFIC COMPANY,19790,95,0,0,100,45,,,,,$0.00
150007,BOTTLE 30CC FRENCH SQ PP,P,81999,FISHER SCIENTIFIC COMPANY,11143,280,0,3920,7000,4,,,,,$2038.40
152548,BOTTLE 10CC DIAG-EXTRUDED,P,81999,FISHER SCIENTIFIC COMPANY,390,3602,0,960,225,28,1857,2024-04-22 00:00:00,2024-05-20 00:00:00,$2535.73,$1310.88
153321,STOPPER PLUG GRAY BROMOBUTYL,P,81999,FISHER SCIENTIFIC COMPANY,55015,3064,0,75000,20000,56,,,,,$61447.50
153322,CAP SEAL RED FLIP TEAR POLY,P,81999,FISHER SCIENTIFIC COMPANY,61061,3647,0,80000,20000,56,,,,,$15944.00
153323,BOTTLE 5ML SERUM TYPE 1 BSG,P,81999,FISHER SCIENTIFIC COMPANY,66487,2635,0,18144,10000,56,,,,,$15473.20
153324,BOTTLE 10ML SERUM TYPE 1 BSG,P,81999,FISHER SCIENTIFIC COMPANY,31111,2020,0,43488,10000,56,,,,,$23422.64
153325,BOTTLE 20ML SERUM TYPE 1 BSG,P,81999,FISHER SCIENTIFIC COMPANY,788,76,0,0,150,56,,,,,$0.00
111617,POUCH INNER 11.5 x 3.125,P,81747,AMCOR FLEXIBLES,87499,9657,0,100000,1000,112,,,,,$100670.00
112815,POUCH PEEL 4X14   #028546B,P,81747,AMCOR FLEXIBLES,107899,3984,0,15000,5000,112,,,,,$4902.00
117763,POUCH PEEL 10X15 TYVEK,P,81747,AMCOR FLEXIBLES,28500,2946,0,3000,5000,112,,,,,$3644.40
117894,POUCH PEEL 8X12 TYVEK,P,81747,AMCOR FLEXIBLES,20000,3882,0,60000,5000,112,,,,,$24372.00
117970,POUCH PEEL 6X10 TYVEK,P,81747,AMCOR FLEXIBLES,15063,1181,0,0,5000,112,,,,,$0.00
124202,POUCH TYVEK 3 X 6-1/2  028547B,P,81747,AMCOR FLEXIBLES,167520,15614,0,75000,30000,48,,,,,$8385.00
124203,POUCH TYVEK 4 X 9-1/2,P,81747,AMCOR FLEXIBLES,329785,12888,0,100000,65000,58,,,,,$15200.00
129361,POUCH PEEL 12 X 18 TYVEK,P,81747,AMCOR FLEXIBLES,2000,697,0,0,1000,37,,,,,$0.00
129519,POUCH OUTER TYVEK,P,81747,AMCOR FLEXIBLES,19327,1417,0,0,3000,112,,,,,$0.00
129794,POUCH PEEL 13.5 X 18.5,P,81747,AMCOR FLEXIBLES,30000,1942,0,0,5000,112,,,,,$0.00
130247,POUCH PEEL 5 X 10 TYVEK,P,81747,AMCOR FLEXIBLES,122000,6670,0,80000,33000,90,,,,,$18328.00
152677,POUCH TYVEK 22 X 3,P,81747,AMCOR FLEXIBLES,6000,1889,0,1000,1000,112,,,,,$770.30
152678,POUCH TYVEK 26 X 4.5,P,81747,AMCOR FLEXIBLES,1600,2267,0,2000,1000,112,,,,,$3087.60
153523,POUCH TYVEK 4.5 X 14,P,81747,AMCOR FLEXIBLES,33999,1195,0,0,3000,112,,,,,$0.00
153524,POUCH TYVEK 5.5 X 17,P,81747,AMCOR FLEXIBLES,66099,2535,0,3000,3000,112,,,,,$1552.80
154478,POUCH PEEL 6.5 X 12 TYVEK,P,81747,AMCOR FLEXIBLES,14918,0,0,0,4500,90,,,,,$0.00
156069,POUCH TYVEK 4.15 X 7,P,81747,AMCOR FLEXIBLES,105750,0,0,0,3000,112,,,,,$0.00
156070,POUCH TYVEK 2.75 X 7.50,P,81747,AMCOR FLEXIBLES,138000,25000,0,40000,5000,112,,,,,$13764.00
156071,POUCH TYVEK 2.75 X 9.20,P,81747,AMCOR FLEXIBLES,7000,0,0,0,3000,112,,,,,$0.00
156072,POUCH TYVEK 2.75 X 10.85,P,81747,AMCOR FLEXIBLES,25000,0,0,0,3000,112,,,,,$0.00
156654,POUCH PEEL 4.0 X 8.0 TYVEK,P,81747,AMCOR FLEXIBLES,51050,0,0,0,10,37,,,,,$0.00
115047,LABEL 2.5 X 4.0 THERMAL,P,81370,"FORTIS SOLUTIONS GROUP, LLC",267000,0,0,0,27500,30,,,,,$0.00
120116,LABEL ROLL 2.875 x 1.875,P,81370,"FORTIS SOLUTIONS GROUP, LLC",1525600,7733,0,100000,75000,45,,,,,$2300.00
139835,LABEL 1.875 X .625 RCR,P,81370,"FORTIS SOLUTIONS GROUP, LLC",275000,200000,0,300000,100000,30,,,,,$1830.00
146302,LABEL 3 IN X 2 IN HINGED,P,81370,"FORTIS SOLUTIONS GROUP, LLC",345000,125638,0,0,175000,90,,,,,$0.00
150697,LABEL 4.875 IN X 11.875 IN,P,81370,"FORTIS SOLUTIONS GROUP, LLC",104000,3300,0,0,10000,29,,,,,$0.00
150704,LABEL 3.25 IN X 2.6875 IN,P,81370,"FORTIS SOLUTIONS GROUP, LLC",134401,25333,0,0,25000,90,,,,,$0.00
150705,LABEL 4.875 IN X 10.875 IN,P,81370,"FORTIS SOLUTIONS GROUP, LLC",71174,25007,0,0,125000,15,,,,,$0.00
150707,LABEL 5.375 IN X 13 IN,P,81370,"FORTIS SOLUTIONS GROUP, LLC",20000,866,0,0,3500,30,,,,,$0.00
150715,LABEL 4.875 IN X 10.875 IN,P,81370,"FORTIS SOLUTIONS GROUP, LLC",149903,15216,0,0,60000,30,,,,,$0.00
150717,LABEL 4.875 IN X 10.625 IN,P,81370,"FORTIS SOLUTIONS GROUP, LLC",77701,7229,0,0,50000,31,,,,,$0.00
154442,LABEL 5.5 X 10.6 IN,P,81370,"FORTIS SOLUTIONS GROUP, LLC",34000,0,0,0,7200,30,,,,,$0.00
156097,LABEL 1.25X.875 PERFD,P,81370,"FORTIS SOLUTIONS GROUP, LLC",272000,25000,0,0,4750,42,,,,,$0.00
152179,IMP MTRSL DECOMP IMP SZ 1,P,81226,CENTEX,53,0,0,0,15,56,,,,,$0.00
152180,IMP MTRSL DECOMP IMP SZ 2,P,81226,CENTEX,52,35,0,25,25,90,,,,,$8413.40
152181,IMP MTRSL DECOMP IMP SZ 3,P,81226,CENTEX,180,24,0,0,10,90,,,,,$0.00
152182,IMP MTRSL DECOMP IMP SZ 4,P,81226,CENTEX,228,12,0,0,100,90,,,,,$0.00
152218,IMP LESSER MTRSL IMP SZ 1,P,81226,CENTEX,17,10,0,30,30,90,,,,,$12213.00
152219,IMP LESSER MTRSL IMP SZ 2,P,81226,CENTEX,80,24,0,40,20,90,,,,,$16284.00
152220,IMP LESSER MTRSL IMP SZ 3,P,81226,CENTEX,54,10,0,0,20,90,,,,,$0.00
147622,BAR FLT .080 X 1.5 X 2.75 SS,P,81198,CARPENTER TECH,2,98,0,7153,400,60,,,,,$73459.88
110239,TYVEK OUTER MODULAR STEM,P,80920,PLACON CORPORATION (ELKHART),4000,619,0,6000,100,126,,,,,$2481.60
111597,BLISTER INNER PETG 4.5 X1.875X,P,80920,PLACON CORPORATION (ELKHART),5500,1336,2400,3600,1000,126,,,,,$12560.76
111598,BLISTER INNER PETG 4.5 X1.875X,P,80920,PLACON CORPORATION (ELKHART),2000,0,0,0,2000,126,,,,,$0.00
111600,BLISTER INNER PETG 4.5 X1.875X,P,80920,PLACON CORPORATION (ELKHART),2800,415,0,0,500,126,,,,,$0.00
111601,BLISTER INNER PETG 4.5 X1.875X,P,80920,PLACON CORPORATION (ELKHART),6300,939,0,2400,1200,126,,,,,$3751.92
111603,BLISTER OUTER PETG 5.688 X,P,80920,PLACON CORPORATION (ELKHART),12000,871,0,1500,1500,126,,,,,$1030.80
111604,BLISTER OUTER PETG 5.688 X,P,80920,PLACON CORPORATION (ELKHART),1500,0,0,0,2000,126,,,,,$0.00
111606,BLISTER HOLD DOWN SJO FIN,P,80920,PLACON CORPORATION (ELKHART),7500,2114,0,8000,3800,126,,,,,$5272.00
111611,TYVEK OUTER SJO FINGER,P,80920,PLACON CORPORATION (ELKHART),13500,1148,5000,10000,5000,126,,,,,$2388.00
114980,LABEL TYVEK LIFT,P,80920,PLACON CORPORATION (ELKHART),18000,5565,0,0,9000,126,,,,,$0.00
115666,BOWL MIXING,P,80920,PLACON CORPORATION (ELKHART),18323,711,0,4200,4000,126,,,,,$5836.32
119505,LID TYVEK BOTTLES OSTEOSET™,P,80920,PLACON CORPORATION (ELKHART),42250,2671,1000,0,5000,42,,,,,$0.00
122223,BLISTER INNER PETG 5.25 X 2.5X,P,80920,PLACON CORPORATION (ELKHART),4500,381,0,1200,1000,126,,,,,$4846.08
123476,LID TYVEK INNER FEM HD W/,P,80920,PLACON CORPORATION (ELKHART),3000,3232,0,12000,1500,126,,,,,$5080.80
123477,LID TYVEK OUTER FEM HD,P,80920,PLACON CORPORATION (ELKHART),0,3192,0,16000,1000,126,,,,,$4881.60
124128,BLISTER INJ PETG 7.87 X 3.938,P,80920,PLACON CORPORATION (ELKHART),5750,110,0,0,600,126,,,,,$0.00
124129,LID SNAP PETG BLISTER,P,80920,PLACON CORPORATION (ELKHART),8825,110,0,0,600,126,,,,,$0.00
124344,BOWL MIXING SML (1 CC),P,80920,PLACON CORPORATION (ELKHART),30199,2729,0,66375,2250,126,,,,,$48281.18
125919,BOWL MIXING LARGE,P,80920,PLACON CORPORATION (ELKHART),66,67,900,1350,225,126,,,,,$3268.22
125941,BLISTER KIT PETG 7.812 X 6.688,P,80920,PLACON CORPORATION (ELKHART),760,132,1440,0,240,126,,,,,$0.00
125942,BLISTER INSRT 20CC,P,80920,PLACON CORPORATION (ELKHART),11275,164,0,0,200,126,,,,,$0.00
125943,LID BLISTER 20CC,P,80920,PLACON CORPORATION (ELKHART),650,110,0,1000,600,126,,,,,$4124.20
127089,TYVEK INNER SJO FINGER W/,P,80920,PLACON CORPORATION (ELKHART),18500,1281,0,3000,3200,126,,,,,$1654.50
127138,LID SNAP PETG BLISTER,P,80920,PLACON CORPORATION (ELKHART),13475,909,0,7800,900,126,,,,,$13845.00
127139,TRAY OSTEO BOTTLE 30CC,P,80920,PLACON CORPORATION (ELKHART),12750,685,0,5400,600,126,,,,,$22417.02
127141,BLISTER INNER PETG KIT,P,80920,PLACON CORPORATION (ELKHART),16650,745,0,3750,1000,126,,,,,$11594.25
127432,LID BLISTER 20CC,P,80920,PLACON CORPORATION (ELKHART),6000,0,0,0,2000,126,,,,,$0.00
127631,LID TYVEK KIT,P,80920,PLACON CORPORATION (ELKHART),12750,1215,0,8000,3500,126,,,,,$2865.60
128718,BLISTER TRAY PETG BIOG,P,80920,PLACON CORPORATION (ELKHART),28800,2387,25200,60750,450,126,,,,,$90019.35
128720,LID TYVEK DISTAL RADIUS,P,80920,PLACON CORPORATION (ELKHART),29000,3409,1500,45000,12000,126,,,,,$10062.00
129211,BLISTER TRAY PETG BIOG,P,80920,PLACON CORPORATION (ELKHART),1700,266,0,0,100,126,,,,,$0.00
129231,LID TYVEK MINI MIIG™ 4.35 X,P,80920,PLACON CORPORATION (ELKHART),2746,208,0,0,600,126,,,,,$0.00
129523,BLISTER TRAY OUTER PETG,P,80920,PLACON CORPORATION (ELKHART),5355,227,0,0,500,126,,,,,$0.00
129524,BLISTER TRAY INNER PETG,P,80920,PLACON CORPORATION (ELKHART),1155,226,0,540,120,126,,,,,$1052.84
129525,BLISTER TRAY INNER PETG,P,80920,PLACON CORPORATION (ELKHART),1225,202,0,500,200,126,,,,,$1561.65
129526,BLISTER TRAY INNER PETG,P,80920,PLACON CORPORATION (ELKHART),1500,137,0,0,250,126,,,,,$0.00
129528,LID TYVEK 7.657 X 2.384,P,80920,PLACON CORPORATION (ELKHART),2000,392,0,0,800,126,,,,,$0.00
129563,LID TYVEK MIIG™ X3,P,80920,PLACON CORPORATION (ELKHART),3500,320,0,1000,575,45,,,,,$2945.20
135249,BLISTER INNER INSTRUMENT,P,80920,PLACON CORPORATION (ELKHART),4400,387,0,0,1250,126,,,,,$0.00
135250,BLISTER INNER IMPLANT,P,80920,PLACON CORPORATION (ELKHART),3712,447,0,3584,1200,126,,,,,$8625.97
135971,BLISTER INNER INSTRUMENT,P,80920,PLACON CORPORATION (ELKHART),1195,88,0,540,125,126,,,,,$3779.95
135975,BLISTER OUTER PRO-DENSE™ CDK,P,80920,PLACON CORPORATION (ELKHART),3775,102,0,0,650,126,,,,,$0.00
137455,POUCH OUTER TYVEK 8 IN X 14 IN,P,80920,PLACON CORPORATION (ELKHART),41000,4951,0,7000,7000,126,,,,,$18162.20
139727,CLAMSHELL PETG 0.025 IN,P,80920,PLACON CORPORATION (ELKHART),71998,8861,0,20700,900,126,,,,,$10898.55
150763,CTN FLD 5.75 X 1.875 X 14.125,P,80920,PLACON CORPORATION (ELKHART),1721,200,0,1000,800,126,,,,,$9955.00
150764,CTN FLD 7.3125 X 2.688 X 8.188,P,80920,PLACON CORPORATION (ELKHART),13801,1016,6081,3000,3000,126,,,,,$9933.30
150765,CTN FLD 8.75 X 2.625 X 11.5,P,80920,PLACON CORPORATION (ELKHART),1738,157,0,1000,600,126,,,,,$8901.90
150768,CTN FLD 10.375 X 3.75 X 13,P,80920,PLACON CORPORATION (ELKHART),20642,1179,0,5505,2400,126,,,,,$28686.00
150775,CTN FLD 9.5 X 1.375 X 17.75,P,80920,PLACON CORPORATION (ELKHART),3400,164,0,0,100,126,,,,,$0.00
150777,CTN FLD 3.875 X 1.6875 X 5.5,P,80920,PLACON CORPORATION (ELKHART),7837,249,5600,11200,1200,126,,,,,$43284.64
153733,CLMSHL FUSEFORCE™ STAPLE,P,80920,PLACON CORPORATION (ELKHART),23400,429,0,16000,2500,126,,,,,$18116.80
153849,BLISTER INNER 2CC-5CC,P,80920,PLACON CORPORATION (ELKHART),7600,314,1050,1050,600,126,,,,,$2559.06
153850,BLISTER OUTER 2CC-5CC,P,80920,PLACON CORPORATION (ELKHART),2750,293,2000,0,800,126,,,,,$0.00
153851,BLISTER INNER 10CC-15CC,P,80920,PLACON CORPORATION (ELKHART),4560,368,0,6000,1400,126,,,,,$51522.60
153852,BLISTER OUTER 10CC-15CC,P,80920,PLACON CORPORATION (ELKHART),8760,334,0,3000,700,126,,,,,$9793.20
153853,BLISTER INNER IMPLANT,P,80920,PLACON CORPORATION (ELKHART),800,38,0,1000,125,126,,,,,$7078.10
153900,HDPE CARD FUSEFORCE™PIN &DRILL,P,80920,PLACON CORPORATION (ELKHART),15000,0,5000,5000,1700,126,,,,,$1677.50
153936,BLISTER RETAINER 10CC - 15CC,P,80920,PLACON CORPORATION (ELKHART),11430,322,0,5520,2200,126,,,,,$14621.93
154464,"PETG CLAMSHELL, PROSTEP TBI",P,80920,PLACON CORPORATION (ELKHART),13000,0,0,0,450,126,,,,,$0.00
154465,"URETHANE HOLDER, PROSTEP TBI",P,80920,PLACON CORPORATION (ELKHART),18300,0,0,0,625,126,,,,,$0.00
155322,BLISTER INNER EPK,P,80920,PLACON CORPORATION (ELKHART),531,0,0,0,350,42,,,,,$0.00
156336,"CLMSHL PETG, MTP REAMER KIT",P,80920,PLACON CORPORATION (ELKHART),3600,0,0,0,0,126,,,,,$0.00
119649,POWDER STEARIC ACID(TP) 500 GR,P,80738,VWR SCIENTIFIC PRODUCTS,3014,364,0,0,500,56,,,,,$0.00
123325,SUCROSE FOR KIT G,P,80738,VWR SCIENTIFIC PRODUCTS,900,11,0,0,250,15,,,,,$0.00
126211,JAR 1000 ML  HDPE,P,80738,VWR SCIENTIFIC PRODUCTS,0,14,0,0,10,45,22,2024-04-22 00:00:00,2024-06-06 00:00:00,$219.13,$0.00
126948,BOTTLE 30CC FRENCH SQ,M,80738,VWR SCIENTIFIC PRODUCTS,823,918,0,0,100,45,5060,2024-04-22 00:00:00,2024-06-06 00:00:00,$48317.43,$0.00
128152,TUBING .160 X .250 SIL,P,80738,VWR SCIENTIFIC PRODUCTS,2700,0,0,0,300,22,,,,,$0.00
150004,BOTTLE 5ML S/T TYPE BSG,P,80738,VWR SCIENTIFIC PRODUCTS,13142,1932,0,0,480,56,,,,,$0.00
150909,INST SYRINGE 30CC PE PP,P,80738,VWR SCIENTIFIC PRODUCTS,0,0,0,0,10,56,,,,,$0.00
156793,BOTTLE 60CC FRENCH SQ,P,80738,VWR SCIENTIFIC PRODUCTS,3058,0,0,0,10,56,,,,,$0.00
156794,CAP BLK PHEN,P,80738,VWR SCIENTIFIC PRODUCTS,3718,0,0,0,10,56,,,,,$0.00
127976,CBM AM CUSTOM (ALLOSOURCE),P,80654,ALLOSOURCE,140,695,250,2170,4300,90,2275,2024-04-22 00:00:00,2024-07-21 00:00:00,$351908.56,$335724.05
128680,DBM AM CUSTOM FITZ MILL W/,P,80654,ALLOSOURCE,43,186,76,651,1005,90,106,2024-06-19 00:00:00,2024-09-17 00:00:00,$16052.55,$98999.34
130411,DBM AM HCV ASSAYED(ALLOSOURCE),P,80654,ALLOSOURCE,647,1568,0,27943,18000,90,,,,,$4246911.71
130412,DBM AM-C MATCHED MILL W/ 1-4MM,P,80654,ALLOSOURCE,1406,350,0,215,1300,90,342,2024-06-11 00:00:00,2024-09-09 00:00:00,$51902.54,$32676.56
130413,CBM AM-C 1-4MM HCV ASSAYED,P,80654,ALLOSOURCE,3080,761,0,1487,3000,90,489,2024-07-01 00:00:00,2024-09-29 00:00:00,$74358.17,$226000.21
133884,INST O-RING TROCAR 4 IN 8GA,M,32926,WRIGHT MEDICAL TECHNOLOGY ALM,0,0,0,0,100,0,25,2024-04-22 00:00:00,2024-04-22 00:00:00,$443.45,$0.00
133885,INST O-RING OBTURATOR 10 IN,M,32926,WRIGHT MEDICAL TECHNOLOGY ALM,-21,0,0,0,100,0,21,2024-04-22 00:00:00,2024-04-22 00:00:00,$772.89,$0.00
137767,POWDER TCP BETA RAW MICRON,M,32926,WRIGHT MEDICAL TECHNOLOGY ALM,1540,123,0,0,1500,7,,,,,$0.00
152549,BOTTLE 10CC DIAG-EXTRUDED,M,32926,WRIGHT MEDICAL TECHNOLOGY ALM,9,3799,0,0,0,45,3455,2024-04-22 00:00:00,2024-06-06 00:00:00,$46054.11,$0.00
BOM0074,PDGF 1.5ML VIAL TRAY ASSY-PYRM,M,32926,WRIGHT MEDICAL TECHNOLOGY ALM,6688,0,0,0,10,90,487,2024-07-06 00:00:00,2024-10-04 00:00:00,$103609.69,$0.00
BOM0075,PDGF 3.0ML VIAL TRAY ASSY-PYRM,M,32926,WRIGHT MEDICAL TECHNOLOGY ALM,2921,0,0,0,10,90,8829,2024-04-22 00:00:00,2024-07-21 00:00:00,$2708361.08,$0.00
154791,INST MIX & DELIVERY 2CC,M,0,"",0,0,0,0,10,30,20,2024-04-22 00:00:00,2024-05-22 00:00:00,$2912.46,$0.00
154792,INST MIX & DELIVERY 5CC,M,0,"",0,0,0,0,10,30,10,2024-04-22 00:00:00,2024-05-22 00:00:00,$1473.61,$0.00
154793,INST MIX & DELIVERY 7CC,M,0,"",0,0,0,0,10,30,10,2024-04-22 00:00:00,2024-05-22 00:00:00,$2190.23,$0.00
154794,INST MIX & DELIVERY 10CC,M,0,"",-18,0,0,0,10,30,43,2024-04-22 00:00:00,2024-05-22 00:00:00,$9507.33,$0.00
154795,INST MIX & DELIVERY 12CC,M,0,"",0,0,0,0,10,30,10,2024-06-18 00:00:00,2024-07-18 00:00:00,$2228.13,$0.00
154796,INST MIX & DELIVERY 15CC,M,0,"",-24,0,0,0,10,30,24,2024-04-22 00:00:00,2024-05-22 00:00:00,$6434.20,$0.00
154797,INST MIX & DELIVERY CDK,M,0,"",-33,0,0,0,10,30,108,2024-04-22 00:00:00,2024-05-22 00:00:00,$61100.09,$0.00
156656,PVA MECHANICALLY SIEVED,M,0,"",4917,0,0,0,10,37,,,,,$0.00
IVIS1PXP10101,"VIS ""PROTHESE A EXPANSION""",M,0,"",560,0,0,0,10,21,,,,,$0.00
IVIS1PXP10102,"VIS ""PROTHESE A EXPANSION""",M,0,"",590,0,0,0,1000,21,,,,,$0.00
IVIS1PXP10201,"VIS ""PROTHESE A EXPANSION""",M,0,"",931,0,0,0,1000,21,,,,,$0.00
